2d-unfolding/HANDOFF_bkg_negweight/runs/2d_xsec_negweight_seed1_exact5.root	55584	9a1ba3d27aa2f39bdf6a44c98fdf4c0c26b15077fafddf03b5e700b92b3c28f9	edd80c315480b9ad9248d68ec39aeb8a	2026-07-08 23:41:46.000000000 -0700
2d-unfolding/HANDOFF_bkg_negweight/runs/2d_xsec_negweight_seed1_hist5.root	55565	2624448dd7608bb33c43fbb8ff4648a4d7b4831515a698212d000079ac0083c8	c6b6954440e309f69c87adb0d6046f5f	2026-07-07 19:33:04.000000000 -0700
2d-unfolding/HANDOFF_bkg_negweight/runs/2d_xsec_negweight_seed2_hist5.root	55568	567c25888d482dc04aa659a3cddb514a657bcd52f01b75fc3e1c4b4f49198740	0af93dd9e8e32c58c70b257d45fa942a	2026-07-07 23:51:48.000000000 -0700
2d-unfolding/HANDOFF_bkg_negweight/runs/2d_xsec_negweight_seed3_hist5.root	55568	bba17779c8d0a7b534dbaeab099cec0823f7c5af3376f0416875915aa4e3369a	061cd57f3c052664a8714a41f32ecf59	2026-07-08 02:01:53.000000000 -0700
2d-unfolding/HANDOFF_bkg_negweight/runs/2d_xsec_purity_seed1_exact5.root	55601	33e9b60e47338646d2145d519a74ba5bdfd7dea37d93e35b41180452893828b5	b2850f1246acefe42882400bc645d347	2026-07-08 21:48:39.000000000 -0700
2d-unfolding/HANDOFF_bkg_negweight/runs/2d_xsec_purity_seed1_hist5.root	55578	e8adc1179e3d85bec32f3a9842e5e2ce3366981f9246c251c7e9bdf72ffff91e	52cd14d635fffcb533a917bd70b5dc08	2026-07-07 19:33:28.000000000 -0700
2d-unfolding/HANDOFF_bkg_negweight/runs/2d_xsec_purity_seed2_hist5.root	55556	3862a67319ae76643e8d2c5147282f8da0d79d6407b632746f824f8430cfdfb3	5faa1bc8ed276b046ea46ef1caddbb8c	2026-07-07 21:53:21.000000000 -0700
2d-unfolding/HANDOFF_bkg_negweight/runs/2d_xsec_refined_seed1_exact5.root	55563	2e5a1c9628636f85622905d31df7de8abc61e0464c85ba31d7ee81124e1eb8ca	6743579ed8ad448afd83adf5156729b9	2026-07-10 04:59:25.000000000 -0700
2d-unfolding/uq/negweight_boot/2d_xsec_MEFHC_5iter_lgbm_nw_boot10.root	56569	49233bb19bd54341947aa78afba86c5de10f1236fffddcf1985849cc0d935ddf	95efee453f409a5359c186c5cab2f11d	2026-07-09 21:16:22.000000000 -0700
2d-unfolding/uq/negweight_boot/2d_xsec_MEFHC_5iter_lgbm_nw_boot11.root	56597	e9c823cc195e6232db12e455527d61547a4ad84994143afd2fa780dcee4757e6	7a5bc5a7be504a4bfe93e2ea78a6e090	2026-07-09 23:33:14.000000000 -0700
2d-unfolding/uq/negweight_boot/2d_xsec_MEFHC_5iter_lgbm_nw_boot12.root	56611	8c98e6a185d2f7558bb6d97cdf37ac8915b66588a47320549fed74b281acc220	2d8a5ca49b762c3ad5fa62c84db4047b	2026-07-10 00:07:27.000000000 -0700
2d-unfolding/uq/negweight_boot/2d_xsec_MEFHC_5iter_lgbm_nw_boot13.root	56599	c8f484f940015a8d1e89cd781b0eb0a945aec86d23f6d3376c4293ae03afacaa	00930d4d37800864cd09a0f218d33f8b	2026-07-10 00:06:44.000000000 -0700
2d-unfolding/uq/negweight_boot/2d_xsec_MEFHC_5iter_lgbm_nw_boot14.root	56585	3bf18a86bc99eae430359d6309d729473372702f9bd1b09174f888a24b98535e	5baed9372819479b836c6242bbd0facd	2026-07-10 02:15:59.000000000 -0700
2d-unfolding/uq/negweight_boot/2d_xsec_MEFHC_5iter_lgbm_nw_boot15.root	56612	7a673c0cc889b3538b6fe6ea29373dd03ce9092af285fb8d0b65b54c512ba0f3	37fa0a446a494fcf856470583078ec9a	2026-07-10 03:30:51.000000000 -0700
2d-unfolding/uq/negweight_boot/2d_xsec_MEFHC_5iter_lgbm_nw_boot16.root	56601	26f3dc521be37fe7c028e26c792eabf0ca374f87e332e5f20e5cbcf2f4c444f8	2ae51327e8a01175d35b9b7f251a3305	2026-07-10 03:32:11.000000000 -0700
2d-unfolding/uq/negweight_boot/2d_xsec_MEFHC_5iter_lgbm_nw_boot17.root	56589	973ed8cfa1ba7a2c42782903b9406ea0852237ab73b11d4e0b59b94bd2107e08	5774416e006079260a7f19888bd71a75	2026-07-10 05:55:02.000000000 -0700
2d-unfolding/uq/negweight_boot/2d_xsec_MEFHC_5iter_lgbm_nw_boot18.root	56627	51f87c1f03f9377921cc5a74364c2e5f356b9c03c163c898d1bcbe1a4a67aab9	b02eb2abf8e705eb84df5f61113f8d13	2026-07-10 06:52:18.000000000 -0700
2d-unfolding/uq/negweight_boot/2d_xsec_MEFHC_5iter_lgbm_nw_boot19.root	56561	b64736a92b282da8c50bd152fab46437309938d52d63df03e3b67e2a7e5cdf1e	d6b232f8d12d838457a783401e39da49	2026-07-10 06:51:52.000000000 -0700
2d-unfolding/uq/negweight_boot/2d_xsec_MEFHC_5iter_lgbm_nw_boot1.root	56619	4ef2b095860dcf98bbc9f1ecd9b4144a1eab1a5161e9ef200e7892f6c5d97e20	4326d605cdbbccedca49b668d16e409a	2026-07-08 21:00:22.000000000 -0700
2d-unfolding/uq/negweight_boot/2d_xsec_MEFHC_5iter_lgbm_nw_boot20.root	56654	c38f2f3acb01515915e4c0dc0b0a1aeff8eaaa46d0db8c55d0890a66a9098215	ce034f3dd8d2e0368464f1bbaa996f69	2026-07-10 07:31:11.000000000 -0700
2d-unfolding/uq/negweight_boot/2d_xsec_MEFHC_5iter_lgbm_nw_boot21.root	56637	87701a4a829e0fa073e282c84fbacac4f41387e5ede44a87d9b09ecd702959ab	6ce9f9966192a9223584ae435336b476	2026-07-10 07:51:01.000000000 -0700
2d-unfolding/uq/negweight_boot/2d_xsec_MEFHC_5iter_lgbm_nw_boot22.root	56595	fcf608dedbfb37328147d17bbd1370470d3e7d5f4b73d89b01ec49bd86a7c81b	1c83731b9493ff96afffb85b069f80c7	2026-07-10 07:49:52.000000000 -0700
2d-unfolding/uq/negweight_boot/2d_xsec_MEFHC_5iter_lgbm_nw_boot23.root	56620	7e8b5afb86050bc56dbb5445719670d9e74b06bece5739a6f4c0af062ca4c944	ba9482106cc7bda7580c1aa9777c2d2f	2026-07-10 08:22:03.000000000 -0700
2d-unfolding/uq/negweight_boot/2d_xsec_MEFHC_5iter_lgbm_nw_boot24.root	56568	b901d58a167cfe50b9c5b22ca3d577c5a7b83ac2ec85aa0c0f9fc42a9329e0bb	b1f794562f8ed4f893ff8de363bc2718	2026-07-10 08:22:01.000000000 -0700
2d-unfolding/uq/negweight_boot/2d_xsec_MEFHC_5iter_lgbm_nw_boot25.root	56602	1a029e97752f05fadd3bf60f25864e8fae138309bdc2b95fcdece0deebb0ad47	f43dbd42e5b57eda6d4a5e3d30883c80	2026-07-10 10:18:18.000000000 -0700
2d-unfolding/uq/negweight_boot/2d_xsec_MEFHC_5iter_lgbm_nw_boot26.root	56630	7d0088ce27994b60909c8d13bbb5c11932b68d61469c29162ed146f3d96fcdbc	1c96b8b301574a37edfaa25083d4934d	2026-07-10 10:20:04.000000000 -0700
2d-unfolding/uq/negweight_boot/2d_xsec_MEFHC_5iter_lgbm_nw_boot27.root	56608	779d16924fdbf3ec907ecba522e13a901270ac9bdfe94fabfd767fbd957910ec	3f7c426df0e51dc37dd22a88557da0e7	2026-07-10 13:28:58.000000000 -0700
2d-unfolding/uq/negweight_boot/2d_xsec_MEFHC_5iter_lgbm_nw_boot28.root	56629	d7c48267d5807d542b86deb44b168ad4dba6177bcf0ae787908fadf291893d36	1aabbfe9c201ad0733aab13c38391000	2026-07-10 15:26:21.000000000 -0700
2d-unfolding/uq/negweight_boot/2d_xsec_MEFHC_5iter_lgbm_nw_boot29.root	56611	ed4d56b51c4bc3ce4cda7fa74870958c2a38fed7fb751279c71bd62f94ff1992	b2828465e231359d28e7481b72043975	2026-07-10 15:25:09.000000000 -0700
2d-unfolding/uq/negweight_boot/2d_xsec_MEFHC_5iter_lgbm_nw_boot2.root	56566	15504eb5b34760a82e58ab5c0094be8a737c2b2e902315a6319c16c0ac2b69f0	be2981cdab635deaf686d4b87edad094	2026-07-08 23:09:47.000000000 -0700
2d-unfolding/uq/negweight_boot/2d_xsec_MEFHC_5iter_lgbm_nw_boot30.root	56610	4eda772527fb39ff5ed2ae8bad514dac4a38456a79f2198d346f118df06a40a5	760aa7662d1cc15dd40842db9cc16b57	2026-07-10 16:53:31.000000000 -0700
2d-unfolding/uq/negweight_boot/2d_xsec_MEFHC_5iter_lgbm_nw_boot31.root	56587	003fa8dac2c9556c61b26a07ccab2fec2e8002d82bf6631a5dc3dea99e815380	cb835ff28e6702c29dd02c3bebda28c3	2026-07-10 16:53:18.000000000 -0700
2d-unfolding/uq/negweight_boot/2d_xsec_MEFHC_5iter_lgbm_nw_boot32.root	56606	8cacb10d0794a286ea773fcc279958206172588d458cde5fe78947f50aa39527	ae67005e0aff5c332084e190c46a8d7a	2026-07-10 18:12:38.000000000 -0700
2d-unfolding/uq/negweight_boot/2d_xsec_MEFHC_5iter_lgbm_nw_boot33.root	56636	d9aa6c07556210eaf4cab6e7c805873bc96612c6211aeefce7caaa5ba521808e	694f6e8615d2b4e7a4086286e10c907b	2026-07-10 18:11:29.000000000 -0700
2d-unfolding/uq/negweight_boot/2d_xsec_MEFHC_5iter_lgbm_nw_boot34.root	56649	c8ac4ac0ac71a74a57aca6cebf6851733a562ba28c5f007d1d807570184f65b2	92381e5d2753b01ce07bfd8412ebfe1c	2026-07-10 19:29:00.000000000 -0700
2d-unfolding/uq/negweight_boot/2d_xsec_MEFHC_5iter_lgbm_nw_boot35.root	56638	ff11e607a93d66101ce266b433a8263f02a17d7b23e7e1ec72d4a50553253c80	c5ad721557ab340f7896234204eca41b	2026-07-10 19:29:44.000000000 -0700
2d-unfolding/uq/negweight_boot/2d_xsec_MEFHC_5iter_lgbm_nw_boot36.root	56619	5bc70a7a22a9405e7f2884386fb10b94d3b37f45a1a7464b1b39b26394ee6127	db2dfeff944f6e5f95f18850eac68bfb	2026-07-10 19:55:52.000000000 -0700
2d-unfolding/uq/negweight_boot/2d_xsec_MEFHC_5iter_lgbm_nw_boot37.root	56615	5a4fe8cde4938ac65f2fba36904bc27adb5ab4f0efac6e1fd3b30727b8e767d1	cb0b41dd79b323d1c19620509ef57015	2026-07-10 19:55:04.000000000 -0700
2d-unfolding/uq/negweight_boot/2d_xsec_MEFHC_5iter_lgbm_nw_boot38.root	56623	8daec7f2e32e453d1d9d8ed0f109184f1c05fdaa5839dc3b6b6043e0be7be4b5	11e617ea43be3ab06102acfbb2b57e93	2026-07-10 20:00:22.000000000 -0700
2d-unfolding/uq/negweight_boot/2d_xsec_MEFHC_5iter_lgbm_nw_boot39.root	56563	89bf2c48b01ba89f9063dc004d0acc2122ef03dc06e7104d9a55ab9953449665	96736ede48337d9a56bab998166e81a3	2026-07-10 20:02:35.000000000 -0700
2d-unfolding/uq/negweight_boot/2d_xsec_MEFHC_5iter_lgbm_nw_boot3.root	56659	afa2e63e724d3bf71f3f08c052b037e893ec19d162e77e95b0cc3fd610ba08c5	9ae233700e869a573c137aeff1acf401	2026-07-09 01:34:55.000000000 -0700
2d-unfolding/uq/negweight_boot/2d_xsec_MEFHC_5iter_lgbm_nw_boot40.root	56645	a408dafb340d5e9d1ace7809fd522eddb4e8c75695d40f0f0869723cc55733fe	6319addc063b40204689620289740045	2026-07-10 20:37:03.000000000 -0700
2d-unfolding/uq/negweight_boot/2d_xsec_MEFHC_5iter_lgbm_nw_boot41.root	56600	2b840934f9376d8a51bf5d9b1c4d6ec6ffc1557666123643d2ec3391431036cb	eed8abcc4dc5a0dd346f5e3e2e9c4c11	2026-07-10 21:14:03.000000000 -0700
2d-unfolding/uq/negweight_boot/2d_xsec_MEFHC_5iter_lgbm_nw_boot42.root	56620	1f64eb9ac3f8eeb8869f759a613a72fc1f5058a80e3721b86faf254a3e8c4fd4	03755bc8fc2b3e3e0f542ef823ffcd62	2026-07-10 21:14:47.000000000 -0700
2d-unfolding/uq/negweight_boot/2d_xsec_MEFHC_5iter_lgbm_nw_boot43.root	56606	feb7d4a443b5ab87822c1e61dc6174e7cd79dd1d891b52d5a87ac61ea3714e8e	c0d268278e446c7f1b1ae06883dd65f8	2026-07-10 21:21:30.000000000 -0700
2d-unfolding/uq/negweight_boot/2d_xsec_MEFHC_5iter_lgbm_nw_boot44.root	56620	bbc0fa861adefafdf592ebde7eb09fced4c19735701f063e56472d65f9352ca9	f6d8cac1f8732a54d9305df0d5db89e4	2026-07-10 21:19:48.000000000 -0700
2d-unfolding/uq/negweight_boot/2d_xsec_MEFHC_5iter_lgbm_nw_boot45.root	56529	b0bc61585a443d11806232ad2800e134d1a9d869a4703e52537d79c7f324aeb4	7a688674a7a22b1ba0564dace18f2f54	2026-07-10 21:28:35.000000000 -0700
2d-unfolding/uq/negweight_boot/2d_xsec_MEFHC_5iter_lgbm_nw_boot46.root	56629	f30f9b62a1b7bf030aad2221ea90df32074310e410ae821b3399319142356ee9	2d95cb2117413b35f2151f1a776e0054	2026-07-10 21:30:35.000000000 -0700
2d-unfolding/uq/negweight_boot/2d_xsec_MEFHC_5iter_lgbm_nw_boot47.root	56630	9e2b814cdd8b687a3a94b82f26a4388ce48a3fa1fba2ed14cd4f42c8c0ba035c	afb65b75f04899cb0c08951651b7d84e	2026-07-10 22:10:31.000000000 -0700
2d-unfolding/uq/negweight_boot/2d_xsec_MEFHC_5iter_lgbm_nw_boot48.root	56634	dd41e84829c3cf503510b51447c65caa22e9eceba80e0507fd456cce7ee95b38	b64903eeef881bc22355caf60f44ae62	2026-07-10 22:11:29.000000000 -0700
2d-unfolding/uq/negweight_boot/2d_xsec_MEFHC_5iter_lgbm_nw_boot49.root	56610	9e33d80159a947b743561e3309d7ba7435d2a4ee81d007777dafc2290a1f9eef	10a1a34920a8ce2674c5f9ae65b21b0b	2026-07-10 22:11:31.000000000 -0700
2d-unfolding/uq/negweight_boot/2d_xsec_MEFHC_5iter_lgbm_nw_boot4.root	56613	01dd8c7a33bf1a701b4e3b3968f24c02e6b59169ae301f12f9e52f1816252b75	72e243d86d3dc7a9a0fc2aa8e13bea4b	2026-07-09 06:20:05.000000000 -0700
2d-unfolding/uq/negweight_boot/2d_xsec_MEFHC_5iter_lgbm_nw_boot50.root	56625	fdf573dd78162741f1d8b2302d49c6d807f85c345965deec0bc325f7b579f8af	f9b31157df35b697b1d25b16369173fe	2026-07-10 22:10:03.000000000 -0700
2d-unfolding/uq/negweight_boot/2d_xsec_MEFHC_5iter_lgbm_nw_boot5.root	56624	d526ec427d5fc2714b2ae257e15b6e01671ed5cf2310a223262713eb1c23d196	de4efc395a4851c3452256df6d97d50a	2026-07-09 08:43:58.000000000 -0700
2d-unfolding/uq/negweight_boot/2d_xsec_MEFHC_5iter_lgbm_nw_boot6.root	56630	1cfa9a89231d3a28bb5c9499178e8da80a6014530c6de8aa73d811d70b7916b8	a4bd4747fca1fe47ea2d93be70b91aba	2026-07-09 11:44:28.000000000 -0700
2d-unfolding/uq/negweight_boot/2d_xsec_MEFHC_5iter_lgbm_nw_boot7.root	56625	919ba2e5623cc3632319d90dbdf911a5ab793c23dbd8f5cb67d67759d51439e9	bfec31dcb12ba4f28e7a67b2b96df6ab	2026-07-09 13:49:24.000000000 -0700
2d-unfolding/uq/negweight_boot/2d_xsec_MEFHC_5iter_lgbm_nw_boot8.root	56586	afbd8a54ff480e11f87b3ae9da5f3775b628663c1c9c6540a1359be751a2a776	8b983d2f718018a3575e0acda8394e8f	2026-07-09 16:39:30.000000000 -0700
2d-unfolding/uq/negweight_boot/2d_xsec_MEFHC_5iter_lgbm_nw_boot9.root	56602	e2606beaa417e1e58ae1934dfaca2f5e2f79419f0e89f95a04d13b273e9bfcba	f233359186042326c3acd2dc1428d9ab	2026-07-09 21:07:02.000000000 -0700
2d-unfolding/uq/negweight_boot/uq_cov_negweight_boot.root	319568	4addd3e93fb925db3f8c46446397db914d30425474fff14fc6447b76010eb28b	c7c0f164b2cf507d1b44794eacb014dd	2026-07-11 05:21:45.000000000 -0700
2d-unfolding/uq/negweight_uni/2d_xsec_MEFHC_5iter_lgbm_nw_uni_2p2h_0.root	56363	7e1878d16ddd9c81a6bd39ee1ae4edd5b9a75ba88108f12c680906e18387a908	1c2ec0d45653d13f7fb295144a674de2	2026-07-08 10:05:48.000000000 -0700
2d-unfolding/uq/negweight_uni/2d_xsec_MEFHC_5iter_lgbm_nw_uni_2p2h_1.root	56364	846153024281dbb316e7c7699386a00bbb2a02156b432f5b823686fcadb6b969	769a3ef0eefa2d1420c854d5de15eeb2	2026-07-08 14:25:35.000000000 -0700
2d-unfolding/uq/negweight_uni/2d_xsec_MEFHC_5iter_lgbm_nw_uni_2p2h_2.root	56414	59655e5d44ca92e4588f6033a01b7bac3603d7d34991dbc9469867541dfe7e5c	339b67253ccb59666d5131fec9d90646	2026-07-08 16:10:33.000000000 -0700
2d-unfolding/uq/negweight_uni/2d_xsec_MEFHC_5iter_lgbm_nw_uni_AGKYxF1pi_0.root	56584	b515617e6e2d32551ee96fbaefda2f6d40589ae4f67ef8c638d097335896e19b	77a2753cfc55a9421a0e7e5f1be0ee4a	2026-07-08 18:18:26.000000000 -0700
2d-unfolding/uq/negweight_uni/2d_xsec_MEFHC_5iter_lgbm_nw_uni_AGKYxF1pi_1.root	56523	8478a82f5980d6c13762b9f053e33e5dc79cb83aa7340125179bb481ae1b4e5c	a5eaa35af255e47c6be909209529468e	2026-07-08 19:00:24.000000000 -0700
2d-unfolding/uq/negweight_uni/2d_xsec_MEFHC_5iter_lgbm_nw_uni_AhtBY_0.root	56309	f04c77001734674b4ba14cf4f59adba1edc0c9c8728a0b2d241d67dcba0dc879	b36c4da236c3246f9e6438808980dfe8	2026-07-08 19:00:59.000000000 -0700
2d-unfolding/uq/negweight_uni/2d_xsec_MEFHC_5iter_lgbm_nw_uni_AhtBY_1.root	56295	599ebc9b6264f4d42f886db9073dbff35c0244f02520fa68250527f564f87700	6f3dccedead39f5a8cf6ecc0b66f10f7	2026-07-08 20:18:08.000000000 -0700
2d-unfolding/uq/negweight_uni/2d_xsec_MEFHC_5iter_lgbm_nw_uni_BeamAngleX_0.root	55594	9cf771a0f159cd32e066803c5eb3762d969b9fd594c6001d47f1a1d44ce3109e	884f8074985be38571ca7fa1f2f31d0e	2026-07-08 20:17:15.000000000 -0700
2d-unfolding/uq/negweight_uni/2d_xsec_MEFHC_5iter_lgbm_nw_uni_BeamAngleX_1.root	55576	bc52e5ef3399c050b17fa49c99e3cd378178a9967f6e9ecf555d33ee309a002e	776623776e100efbbc81cd95caccbfc8	2026-07-08 21:31:04.000000000 -0700
2d-unfolding/uq/negweight_uni/2d_xsec_MEFHC_5iter_lgbm_nw_uni_BeamAngleY_0.root	55594	64ffb26e3e5505e8cbd490f9480be7f303f231f4e3c8585ccb697e377f854089	f8d87a3e84644d68e2652671befebc04	2026-07-09 04:11:39.000000000 -0700
2d-unfolding/uq/negweight_uni/2d_xsec_MEFHC_5iter_lgbm_nw_uni_BeamAngleY_1.root	55605	39a3c4b32048871e6cc84be3f22c84e30054165b69c84f64753cfdbf9595f120	db7ace73cc0d6944557ded194e0f72b6	2026-07-09 07:20:32.000000000 -0700
2d-unfolding/uq/negweight_uni/2d_xsec_MEFHC_5iter_lgbm_nw_uni_BhtBY_0.root	56288	6a8611161b36ecdcf3afb27a32a493fcdb6e98418470bc37a14cd31e06b3f024	e6b41df98aa4d0740ccf3807bd357aa5	2026-07-09 10:45:33.000000000 -0700
2d-unfolding/uq/negweight_uni/2d_xsec_MEFHC_5iter_lgbm_nw_uni_BhtBY_1.root	56246	14abea90e36b817afa17dd6a1699fec0da61248c307c26c5c694715c79eb73eb	fb205bf5904187e9750b0d9524c19914	2026-07-09 12:35:48.000000000 -0700
2d-unfolding/uq/negweight_uni/2d_xsec_MEFHC_5iter_lgbm_nw_uni_CCQEPauliSupViaKF_0.root	56288	a66d97be2ab32200c5ddd3a4399ced8410ee81d4fbe193b9b3827e3862ec82a6	b3038f501662989f7c8039736d243155	2026-07-09 15:37:01.000000000 -0700
2d-unfolding/uq/negweight_uni/2d_xsec_MEFHC_5iter_lgbm_nw_uni_CCQEPauliSupViaKF_1.root	56289	730fd99bf4cf2a75ac95d9aaa4ad06e3571e057dceee3fc9cc3dc7eb2acdd27b	7c40293c98623d7a84f41e6ca73e51f5	2026-07-09 18:52:48.000000000 -0700
2d-unfolding/uq/negweight_uni/2d_xsec_MEFHC_5iter_lgbm_nw_uni_CV1uBY_0.root	56245	1ddcf1be59cccd1f2fd1abf74c47d564f17c5c78280f69b31c8663acfdc34258	d04672cc88ebd3a0b4e0cf4531e052cc	2026-07-09 23:18:00.000000000 -0700
2d-unfolding/uq/negweight_uni/2d_xsec_MEFHC_5iter_lgbm_nw_uni_CV1uBY_1.root	56247	1376296e526c71b1d6ad4197fdda822249cf532f9d868350e407d89a76912c8c	173f6fd3214970c94c32fb6c3a2d0f15	2026-07-10 00:01:56.000000000 -0700
2d-unfolding/uq/negweight_uni/2d_xsec_MEFHC_5iter_lgbm_nw_uni_CV2uBY_0.root	56247	c6288de526699e661f92c630e216481821de66efcd575a8b42e4c602a70abc48	6c16b349329ec4300426989bc178e344	2026-07-10 00:54:25.000000000 -0700
2d-unfolding/uq/negweight_uni/2d_xsec_MEFHC_5iter_lgbm_nw_uni_CV2uBY_1.root	56271	64fbca1c85c1e6602eb725d57965e401eb6296a3cbee586bb7ef079fa5a0be8c	e3d34b1cea7a515d8bbc7f89a200e643	2026-07-10 00:53:19.000000000 -0700
2d-unfolding/uq/negweight_uni/2d_xsec_MEFHC_5iter_lgbm_nw_uni_CV.root	55557	6371ac301930545715a88de3ce9815ca9dffa51b32eb59d199c73d7fa0195a60	f0d8605b5f9e61f09545934bc50d3a39	2026-07-08 11:18:33.000000000 -0700
2d-unfolding/uq/negweight_uni/2d_xsec_MEFHC_5iter_lgbm_nw_uni_EtaNCEL_0.root	55587	726360e38b4dc4d85495fc2292c8cdf7dafd4c45a083999a9fabb4331f602969	f58634dcb282c22d44b7cd09c3fbdee3	2026-07-10 02:43:14.000000000 -0700
2d-unfolding/uq/negweight_uni/2d_xsec_MEFHC_5iter_lgbm_nw_uni_EtaNCEL_1.root	55573	01354ce823e07ae62da89a5297d54a40d055d55e517c2f55004b10b5c1ef9e6e	2ca3dc5575d62e881448444b659d39b0	2026-07-10 04:37:59.000000000 -0700
2d-unfolding/uq/negweight_uni/2d_xsec_MEFHC_5iter_lgbm_nw_uni_Flux_0.root	56447	b730b312ef17e0f021697a2ee46d90b3d5e105b97e803f54da1fa3f4dea279ec	3cbb1b1074fc90b59f76f549d44f83a3	2026-07-10 04:37:51.000000000 -0700
2d-unfolding/uq/negweight_uni/2d_xsec_MEFHC_5iter_lgbm_nw_uni_Flux_10.root	56428	5d88c7f2225c85f3cfbdbd48707f1ec0231d8cd20dd6d1739570d9768912ab9f	7cb69da2ca570c325d2b1f3b43156e4d	2026-07-10 12:36:15.000000000 -0700
2d-unfolding/uq/negweight_uni/2d_xsec_MEFHC_5iter_lgbm_nw_uni_Flux_11.root	56454	db0a68e8baac329c03025285feb1c7b080ada7fa7aff2d7abd9332263b94b479	7b738c495474e983406ea537ccfbdb93	2026-07-10 13:59:01.000000000 -0700
2d-unfolding/uq/negweight_uni/2d_xsec_MEFHC_5iter_lgbm_nw_uni_Flux_12.root	56396	094224903757040ff3f58593ce9aa778fbc1d5e32d96651a28e0e9add357f3aa	3102ee2915214f8759d0e4a7a13e7941	2026-07-10 16:38:51.000000000 -0700
2d-unfolding/uq/negweight_uni/2d_xsec_MEFHC_5iter_lgbm_nw_uni_Flux_13.root	56412	f255f4094a1a1bc9b2707d2d75928c17e3c752fc66ab8bd91295f3d11e9c1b40	892e70d477fc83f225a39aea45808ca4	2026-07-10 16:37:41.000000000 -0700
2d-unfolding/uq/negweight_uni/2d_xsec_MEFHC_5iter_lgbm_nw_uni_Flux_14.root	56423	1d19f0b7b83983e1d022b52982c2dd55b10617ba794518769ce523f516f6ab87	f4d9a333ed500e2072d1df67574d1fe5	2026-07-10 18:11:17.000000000 -0700
2d-unfolding/uq/negweight_uni/2d_xsec_MEFHC_5iter_lgbm_nw_uni_Flux_15.root	56457	97e02ec6f57a8a90977a552314050035ce9b6693407135ceeed5926f2f3cfab9	7326407c1590dd8a4adf7f1128cfdf58	2026-07-10 18:13:42.000000000 -0700
2d-unfolding/uq/negweight_uni/2d_xsec_MEFHC_5iter_lgbm_nw_uni_Flux_16.root	56449	2eac7fe376641d052dd4586837884639ff639d6f856f1b55d356a118315c679a	fa519ff671e1b55bab715d78c6e36880	2026-07-10 18:49:24.000000000 -0700
2d-unfolding/uq/negweight_uni/2d_xsec_MEFHC_5iter_lgbm_nw_uni_Flux_17.root	56376	e10a329e30ffe9998a4e9a0e51041d0146f88cabe86166a7d9d902617ee5e1c6	1fc90f86504bd214b0f00fd850b2f667	2026-07-10 18:50:58.000000000 -0700
2d-unfolding/uq/negweight_uni/2d_xsec_MEFHC_5iter_lgbm_nw_uni_Flux_18.root	56493	f304b192c53af3bef9211ac2f938999305fb304c39929b7de238236b99ca6a85	2b31356a336e58cabda1dc5b76a586dd	2026-07-10 20:07:10.000000000 -0700
2d-unfolding/uq/negweight_uni/2d_xsec_MEFHC_5iter_lgbm_nw_uni_Flux_19.root	56459	219f462a8c0665d483ced523fa9e3ecb58de69ba1fd571be87f75338f6d64f26	c345c0457e5cf39f7ac7820a938a0d31	2026-07-10 20:05:26.000000000 -0700
2d-unfolding/uq/negweight_uni/2d_xsec_MEFHC_5iter_lgbm_nw_uni_Flux_1.root	56429	793be6b67d67cff6c622658b2b22f6ca6992ef1ccd99e705b7b5b5243354b504	311c5026ca422a9aef4aebd0eccbb9a7	2026-07-10 06:23:30.000000000 -0700
2d-unfolding/uq/negweight_uni/2d_xsec_MEFHC_5iter_lgbm_nw_uni_Flux_20.root	56477	9a296373979a03e2d2b6ecf240eda20ed2505a30cad86b643fbd36836dbf1fe1	e1647f158957278bf835c27b15455878	2026-07-10 20:19:44.000000000 -0700
2d-unfolding/uq/negweight_uni/2d_xsec_MEFHC_5iter_lgbm_nw_uni_Flux_21.root	56523	2540f24a1b6954cb65a02b874d5418e4cab4f5ab8a751b5b3b9dfaa7973476d0	7b2e93890f722eb5827b441686c0448f	2026-07-10 20:20:21.000000000 -0700
2d-unfolding/uq/negweight_uni/2d_xsec_MEFHC_5iter_lgbm_nw_uni_Flux_22.root	56385	9ea1209817617f1d20468dfc04963f57935c2245df07f14ba797c04885e76d5e	2e90c7c6341fca5c67c174465b6b7a89	2026-07-10 20:18:34.000000000 -0700
2d-unfolding/uq/negweight_uni/2d_xsec_MEFHC_5iter_lgbm_nw_uni_Flux_23.root	56481	1cf909113f7767adf122bd90bd59d9731ca96f14f4816f19fbbaf485945253c7	1fd1860fccce1dbccc40f804cf418670	2026-07-10 20:19:07.000000000 -0700
2d-unfolding/uq/negweight_uni/2d_xsec_MEFHC_5iter_lgbm_nw_uni_Flux_24.root	56487	7c6b8ba178c9f0841948327a371f9724bb891a665cbc0d27fcec91b483a605b2	70d07d0782fe5be9c8dc68f9cd86d7a9	2026-07-10 20:19:50.000000000 -0700
2d-unfolding/uq/negweight_uni/2d_xsec_MEFHC_5iter_lgbm_nw_uni_Flux_25.root	56472	56745e845f9b0666edc6ea6a4e6560beff35bd6f7ad5b27dfa46daa97281799a	2bd17c7dcbefe791cd913a4437c81607	2026-07-10 20:19:15.000000000 -0700
2d-unfolding/uq/negweight_uni/2d_xsec_MEFHC_5iter_lgbm_nw_uni_Flux_26.root	56411	c46a557989c59a1dbefd76ad80aaab49e05ce82c8599d1988f1619bec17159ed	f475401daebdb45ca6ed71730f4a4d1e	2026-07-10 20:18:11.000000000 -0700
2d-unfolding/uq/negweight_uni/2d_xsec_MEFHC_5iter_lgbm_nw_uni_Flux_27.root	56426	3045d99e21eff9dd23d660d1a35f172ffafbf2b945ec85d92539d6c05e0e220c	aa599d5e197fa3610b8198e7e0a3e38e	2026-07-10 20:19:14.000000000 -0700
2d-unfolding/uq/negweight_uni/2d_xsec_MEFHC_5iter_lgbm_nw_uni_Flux_28.root	56443	e8e7e4a3e30126246338ed20dceae64cf58bafd88c68de18739f5884cc3e394c	e72c1b9068003ec93b19302f010d4bd9	2026-07-10 20:20:45.000000000 -0700
2d-unfolding/uq/negweight_uni/2d_xsec_MEFHC_5iter_lgbm_nw_uni_Flux_29.root	56467	2c80b95fcc0ccd0fa7e0a8e6273053c1a1b1d9f305a3a0bc21c997286988243d	9df974f0174cb555b9454f587ae3d3ee	2026-07-10 20:19:23.000000000 -0700
2d-unfolding/uq/negweight_uni/2d_xsec_MEFHC_5iter_lgbm_nw_uni_Flux_2.root	56491	829afb65fdf8fd231ad42f2091594d350caa0c35048510b569a513fcdcc1aa92	095622bef469441ce6535fd70024a9d0	2026-07-10 07:37:16.000000000 -0700
2d-unfolding/uq/negweight_uni/2d_xsec_MEFHC_5iter_lgbm_nw_uni_Flux_30.root	56448	e569141d5a6223a22c5da0953344ae34283cb266d293d97c012caff2c0264d13	09a1d9271a6cadc368a7ecf13cdfe5fe	2026-07-10 20:17:36.000000000 -0700
2d-unfolding/uq/negweight_uni/2d_xsec_MEFHC_5iter_lgbm_nw_uni_Flux_31.root	56481	e533681d0db3a1a9bf142ccb349e3952d2046a80d4d31cc8aaa6264bdf78f1b8	3d55e2824c72505bc656de672354c61c	2026-07-10 20:19:10.000000000 -0700
2d-unfolding/uq/negweight_uni/2d_xsec_MEFHC_5iter_lgbm_nw_uni_Flux_32.root	56438	9746a712c81da8d7581c055820d8819e21ebfb7fd0e06a95470f5327b68ddeef	595235529ef06ba8252d299706558a53	2026-07-10 20:19:11.000000000 -0700
2d-unfolding/uq/negweight_uni/2d_xsec_MEFHC_5iter_lgbm_nw_uni_Flux_33.root	56478	248a6db2bf7101657000012241f46605f24f9e5d5197d80bc9664a06757e9d1e	9e423b9ba31674dd82e999a9e1d24d00	2026-07-10 20:19:25.000000000 -0700
2d-unfolding/uq/negweight_uni/2d_xsec_MEFHC_5iter_lgbm_nw_uni_Flux_34.root	56417	ec68e53b2c099ca1a48c86be74742ccd8b50f4f2eeb67a2341a195e1c9811b05	4264269d5425d1f30db96e00c1707efb	2026-07-10 20:17:19.000000000 -0700
2d-unfolding/uq/negweight_uni/2d_xsec_MEFHC_5iter_lgbm_nw_uni_Flux_35.root	56457	bbaf18eb227f959b893ee94aa726bf4eb91161c07ffb038640208b91f98c584b	4c7d63ffa80628369fd364767257d089	2026-07-10 20:19:04.000000000 -0700
2d-unfolding/uq/negweight_uni/2d_xsec_MEFHC_5iter_lgbm_nw_uni_Flux_36.root	56491	bd4ede08c34e0576a7f9ec5a658fb6cabbfe570e6b8a1c3eda5ef5119a874ccb	13f2eb057fc23aacde6e3af6b203917d	2026-07-10 20:18:31.000000000 -0700
2d-unfolding/uq/negweight_uni/2d_xsec_MEFHC_5iter_lgbm_nw_uni_Flux_37.root	56497	524613cf154e167250b50d02c660a1bea99ac5f5e1ea52ff369abf426ef8afa8	a3c1f9789d4a56a29275261376c961b7	2026-07-10 20:18:46.000000000 -0700
2d-unfolding/uq/negweight_uni/2d_xsec_MEFHC_5iter_lgbm_nw_uni_Flux_38.root	56459	236669d04deec708b3aa400b58d6f8380a11577bbe771805e3c3725f8a9da93e	7ea826dde269b730e3a339443bcbb1f3	2026-07-10 20:20:01.000000000 -0700
2d-unfolding/uq/negweight_uni/2d_xsec_MEFHC_5iter_lgbm_nw_uni_Flux_39.root	56439	eb94d61edc208ab78acb3ea5d68d908225760c4148555f3c245e746aaef667ea	812cf18887e15ec3a2394fd20572ce6e	2026-07-10 20:20:40.000000000 -0700
2d-unfolding/uq/negweight_uni/2d_xsec_MEFHC_5iter_lgbm_nw_uni_Flux_3.root	56462	4bb6944d80e6031b04b95847c1dad23c6a1dab4887f9d158e7431fcbbd5c64de	32e620f04636f57327431fb3c15fde74	2026-07-10 07:39:43.000000000 -0700
2d-unfolding/uq/negweight_uni/2d_xsec_MEFHC_5iter_lgbm_nw_uni_Flux_40.root	56442	9e5a589b8d8fbe281f1b86dac910be7ca56d11f789d6caac879f43aa049d0ae6	285709a0d17e7476b289871a97d9c869	2026-07-10 20:20:06.000000000 -0700
2d-unfolding/uq/negweight_uni/2d_xsec_MEFHC_5iter_lgbm_nw_uni_Flux_41.root	56423	f7179ebeca0f409e373ddcb7d33d7b877ec5ed59a5dfe15fbb6343528656352a	767d779e9866b75746eaa0e2a93ae59e	2026-07-10 20:19:12.000000000 -0700
2d-unfolding/uq/negweight_uni/2d_xsec_MEFHC_5iter_lgbm_nw_uni_Flux_42.root	56452	7fa96656fd5bb684a49496a50c6e366b5312b79bee8f945dddafe4123f36b1e6	faed03c4b4c59f779b672349863dadf3	2026-07-10 20:18:42.000000000 -0700
2d-unfolding/uq/negweight_uni/2d_xsec_MEFHC_5iter_lgbm_nw_uni_Flux_43.root	56496	86269ce1255e2a997fc7a0a7afb70211f2d06f8346f4c09b0705125c4c32be94	dd0a583a13cb95219174574e0ad18185	2026-07-10 20:15:53.000000000 -0700
2d-unfolding/uq/negweight_uni/2d_xsec_MEFHC_5iter_lgbm_nw_uni_Flux_44.root	56428	4e9dd6f681ad727bdebb7090e3c63492d9dac872140d00724675ee5d311e7d43	e0581138b6a96007432b2060cd99a098	2026-07-10 20:18:26.000000000 -0700
2d-unfolding/uq/negweight_uni/2d_xsec_MEFHC_5iter_lgbm_nw_uni_Flux_45.root	56407	e4fd4cbec8a815cc70746974c8bf6bc415793bda409a9cf67206788efa2e2be3	c41a33ec107fa0101ee5a65d6c4b5faf	2026-07-10 20:19:59.000000000 -0700
2d-unfolding/uq/negweight_uni/2d_xsec_MEFHC_5iter_lgbm_nw_uni_Flux_46.root	56424	bc8477c564fa9e55346d524b7c37ef74f8c135e195a511cf570f7a53dd2c7882	d34512a41d5b0a73784316397750008b	2026-07-10 20:18:25.000000000 -0700
2d-unfolding/uq/negweight_uni/2d_xsec_MEFHC_5iter_lgbm_nw_uni_Flux_47.root	56462	5ce983c0ab6dfe696bc55cc1faac4556b999d8d5b144b6eb8d4c5c84b42b1bb1	1fff7be18e0b5891cb145a6a9e6555c4	2026-07-10 20:19:44.000000000 -0700
2d-unfolding/uq/negweight_uni/2d_xsec_MEFHC_5iter_lgbm_nw_uni_Flux_48.root	56447	fb4af255e6a55631f552b8b0a04aa20430cd80c80fd9d4653af43d81e0cda78b	e4fbe7362e967ed2e118d2f58c3d1dd9	2026-07-10 20:55:37.000000000 -0700
2d-unfolding/uq/negweight_uni/2d_xsec_MEFHC_5iter_lgbm_nw_uni_Flux_49.root	56432	d2522ff2a52bae424463ebfea9c0a5acc4996c0fc22889d3a1959510482f60a3	301a0416927d4cccb14a7504253321ee	2026-07-10 20:55:21.000000000 -0700
2d-unfolding/uq/negweight_uni/2d_xsec_MEFHC_5iter_lgbm_nw_uni_Flux_4.root	56453	888f8aaef8ac77c4cfa7e4e871080b26f3b1bff14bc30f051790c51c171fc1c1	500c59418b4ae8e4e66334c160a066c7	2026-07-10 08:09:28.000000000 -0700
2d-unfolding/uq/negweight_uni/2d_xsec_MEFHC_5iter_lgbm_nw_uni_Flux_50.root	56507	44693678b6ef7ba8f3187879d52714278a6b89303a0e2baeab373473001075c9	864e2235e7fcbb719ba98675fa7f6546	2026-07-10 21:00:57.000000000 -0700
2d-unfolding/uq/negweight_uni/2d_xsec_MEFHC_5iter_lgbm_nw_uni_Flux_51.root	56434	eac0e093dc8608dfaa84ec98cfb2d8a1fc5bb1545efadde5e1e771975cf95051	da3d44624580a86905e2adddbf4b7426	2026-07-10 21:02:23.000000000 -0700
2d-unfolding/uq/negweight_uni/2d_xsec_MEFHC_5iter_lgbm_nw_uni_Flux_52.root	56399	7eb82a09373295ff4609f24a935dd48efe6f75ab641f73d2042c437120050cee	e302283893b7705b178735f444ea0f36	2026-07-10 21:01:56.000000000 -0700
2d-unfolding/uq/negweight_uni/2d_xsec_MEFHC_5iter_lgbm_nw_uni_Flux_53.root	56417	adf7c83a4acef6e4cc3441196e6aa31bc51464e51435ad4f03516ab8236556f5	288250a8d9fad889b44245b24129682d	2026-07-10 21:02:09.000000000 -0700
2d-unfolding/uq/negweight_uni/2d_xsec_MEFHC_5iter_lgbm_nw_uni_Flux_54.root	56449	012b9bf9962f8a9f1bc2cfe8fa6b65b5f7dccfb73510eb5e307ab47c3d99b75f	04e678d07c4fa239da19733361396be9	2026-07-10 21:01:18.000000000 -0700
2d-unfolding/uq/negweight_uni/2d_xsec_MEFHC_5iter_lgbm_nw_uni_Flux_55.root	56435	c5fb293c2fc880e3356ae171e44ee7473c3612dfa9f03a552b58c62c80063838	844d12c58cfa63c5c85555046248d01b	2026-07-10 21:02:16.000000000 -0700
2d-unfolding/uq/negweight_uni/2d_xsec_MEFHC_5iter_lgbm_nw_uni_Flux_56.root	56405	ae4df01405ce0ce271a5271986da8700a2c429a811cecc522526c48d84eaf6af	dfa2e77b1c9dec6aa4dc860d84f07f15	2026-07-10 21:05:34.000000000 -0700
2d-unfolding/uq/negweight_uni/2d_xsec_MEFHC_5iter_lgbm_nw_uni_Flux_57.root	56398	faf9425f38ab86f96cda54284064bd81bd1b6a708bdbc65bea0b3d9fc8bb6d3e	687216017d9fe3ebcfa2fc05ae799ec0	2026-07-10 21:06:48.000000000 -0700
2d-unfolding/uq/negweight_uni/2d_xsec_MEFHC_5iter_lgbm_nw_uni_Flux_58.root	56491	c73fc975c338278bd918fe174ffe0eedf32112880cd17c19114f0de074cc714d	314243b73df98e3bde96e3b0e2683630	2026-07-10 21:06:22.000000000 -0700
2d-unfolding/uq/negweight_uni/2d_xsec_MEFHC_5iter_lgbm_nw_uni_Flux_59.root	56428	325b7ff008b538656e33b120c71ec940c76816cfc2b51c66b160e583f5d0dd65	2a3a132fcd04a2babb150d3b2536bb12	2026-07-10 21:04:53.000000000 -0700
2d-unfolding/uq/negweight_uni/2d_xsec_MEFHC_5iter_lgbm_nw_uni_Flux_5.root	56407	dca267addd21d37e234ca742f39ae637c64e776594d5e251b0c56e68f0717dae	f1b93a5ac6c0bed09983b0086e28d9fd	2026-07-10 08:32:54.000000000 -0700
2d-unfolding/uq/negweight_uni/2d_xsec_MEFHC_5iter_lgbm_nw_uni_Flux_60.root	56462	5f656164d90ac5b4bbe49215e3418685dd727c53096b6fe6388503cb1bd4431f	a0cafcdf380acec338df8b3a9e221716	2026-07-10 21:07:39.000000000 -0700
2d-unfolding/uq/negweight_uni/2d_xsec_MEFHC_5iter_lgbm_nw_uni_Flux_61.root	56428	6f465bcef013fa3ab950edb7743c73838ad65af698fce4e6a5354420085fff6a	439d4eebfa1ff9ab6b79688ec4af0d1c	2026-07-10 21:06:30.000000000 -0700
2d-unfolding/uq/negweight_uni/2d_xsec_MEFHC_5iter_lgbm_nw_uni_Flux_62.root	56441	41067a95d18ba7fc8929922d305e86b28ae4591d1c8db3ac58be1eb0edf8d0cc	62ca3047fb8d95246fb1a26e1bc89132	2026-07-10 21:05:27.000000000 -0700
2d-unfolding/uq/negweight_uni/2d_xsec_MEFHC_5iter_lgbm_nw_uni_Flux_63.root	56434	ccd89a463ecfeaa39397b6143fc64ca57e814c4b6fe6d1d867b0875e25e30bba	6b49cad21a4f0378a881e81be2f6fa7f	2026-07-10 21:05:20.000000000 -0700
2d-unfolding/uq/negweight_uni/2d_xsec_MEFHC_5iter_lgbm_nw_uni_Flux_64.root	56463	2774da07f9e2d7a3b6fb93125df179683b5189dc7ae2dd207003474f26bdb1ca	629519e9bf8649c0d97e134a9672a727	2026-07-10 21:07:09.000000000 -0700
2d-unfolding/uq/negweight_uni/2d_xsec_MEFHC_5iter_lgbm_nw_uni_Flux_65.root	56464	bd1b3c47fe912f7d960ca18aa89f17f337af72e54c78242bfc6ddcfa179d0ef7	4111c52f7130cb8f90116e07a0cfb428	2026-07-10 21:24:08.000000000 -0700
2d-unfolding/uq/negweight_uni/2d_xsec_MEFHC_5iter_lgbm_nw_uni_Flux_66.root	56451	e65716cb609cc9636f46533b149206dcf1e6189f7d03dd1ca2e27e63f4c158c2	3f6f188c8f400af2c6d7b85bd2504552	2026-07-10 21:24:08.000000000 -0700
2d-unfolding/uq/negweight_uni/2d_xsec_MEFHC_5iter_lgbm_nw_uni_Flux_67.root	56456	67e4cf1ca5f07e8b065588dde54098fa5177c8ea617cb434217dacb3b6380f52	357563817b42875fd7220cdcf9880911	2026-07-10 21:23:43.000000000 -0700
2d-unfolding/uq/negweight_uni/2d_xsec_MEFHC_5iter_lgbm_nw_uni_Flux_68.root	56376	f775f1efc6e8fb9e295f5e44144ac205522647c04d229a214be52c49b2369ca1	27886353160e54220c23b7941ee55343	2026-07-10 21:23:28.000000000 -0700
2d-unfolding/uq/negweight_uni/2d_xsec_MEFHC_5iter_lgbm_nw_uni_Flux_69.root	56528	242321da53f5f68df50fc6e53cb7ffd0d9c484ada03284926ad382abb8d4c2f8	058af935be6e11e6ffa1910685c3c78f	2026-07-10 21:24:36.000000000 -0700
2d-unfolding/uq/negweight_uni/2d_xsec_MEFHC_5iter_lgbm_nw_uni_Flux_6.root	56397	3c290559001ed217afd9990eaf6c0d9308f07561880d2e0be53fd4a5a42bd679	6c4cd8177d870e97aaafb8213c9ed544	2026-07-10 08:29:22.000000000 -0700
2d-unfolding/uq/negweight_uni/2d_xsec_MEFHC_5iter_lgbm_nw_uni_Flux_70.root	56452	239078fd208686f374434d027bbe3de3aba6b751ca44f3e416b8d58e323a4d9d	33d65187bec7b43a645f98e0561ab469	2026-07-10 21:24:22.000000000 -0700
2d-unfolding/uq/negweight_uni/2d_xsec_MEFHC_5iter_lgbm_nw_uni_Flux_71.root	56449	71f6754f35d679274fe233defdd260fc12de587e56491f85967d0764b149e6fa	ee86b428f9d4c2413c25d4eace8ae9fa	2026-07-10 21:25:15.000000000 -0700
2d-unfolding/uq/negweight_uni/2d_xsec_MEFHC_5iter_lgbm_nw_uni_Flux_72.root	56434	e3395b4cda1856c7ffc3388e1b524455d1cfec93ec984af7067b360138f5c5ed	63dd25807d4ba3b113bce64851be76ad	2026-07-10 21:23:21.000000000 -0700
2d-unfolding/uq/negweight_uni/2d_xsec_MEFHC_5iter_lgbm_nw_uni_Flux_73.root	56458	8f616d8f3d18cd747e5416488976c510e9d5c7ec65d2c4b2130e512b383bfd80	fba698b199dcf1ddc1897241904e8902	2026-07-10 21:23:41.000000000 -0700
2d-unfolding/uq/negweight_uni/2d_xsec_MEFHC_5iter_lgbm_nw_uni_Flux_74.root	56401	a7b82e5ec4052af5947b30848df9210e3bc3e7abbf0df88c5940b187e00c5000	ed642a770db6f920a1e9590bd2cb4871	2026-07-10 21:24:08.000000000 -0700
2d-unfolding/uq/negweight_uni/2d_xsec_MEFHC_5iter_lgbm_nw_uni_Flux_75.root	56436	5b1ca5fd939088ccb2253d343ccebf312c7b5110005fe12c53db151fbf19e288	fa06d32ca5125fcfb9c02518d5807c46	2026-07-10 21:23:58.000000000 -0700
2d-unfolding/uq/negweight_uni/2d_xsec_MEFHC_5iter_lgbm_nw_uni_Flux_76.root	56467	7badaf0743d92a5af5e1926b395459e7b2d637bbda140ec465b1908c8b5a9f0a	a85a65773e04df6e95888987d592130c	2026-07-10 21:24:55.000000000 -0700
2d-unfolding/uq/negweight_uni/2d_xsec_MEFHC_5iter_lgbm_nw_uni_Flux_77.root	56459	e554a7e9f3389422e6bba0d82f63cef0216692599b3a2dec50804fc707564b85	44a98d4b71b0f8b8a30db7275746072a	2026-07-10 21:21:51.000000000 -0700
2d-unfolding/uq/negweight_uni/2d_xsec_MEFHC_5iter_lgbm_nw_uni_Flux_78.root	56486	7e33aa4831efcb9dec5051dfedf961fe7f063769660e43411b16f86b6aee88f4	fc5a0f70a825b58d0485cfd95ebee5ad	2026-07-10 21:45:18.000000000 -0700
2d-unfolding/uq/negweight_uni/2d_xsec_MEFHC_5iter_lgbm_nw_uni_Flux_79.root	56442	fcc565aeb1f6027e17caadbc133fa2add97997186b57ba32b8cedefcafd920f9	b112bc1ab04dd7728de67e8b2f027929	2026-07-10 21:46:48.000000000 -0700
2d-unfolding/uq/negweight_uni/2d_xsec_MEFHC_5iter_lgbm_nw_uni_Flux_7.root	56374	8324a252ee527824c0fe0607a2272666ea8f0e4135adc3856bcb0709e03ade2c	ea411f89ada44522cdcbde6e9d2ad7d2	2026-07-10 08:45:36.000000000 -0700
2d-unfolding/uq/negweight_uni/2d_xsec_MEFHC_5iter_lgbm_nw_uni_Flux_80.root	56460	8f935adac8c0a228040406865c5b4e3ecd69a6cbb5e881904d0b0f47cd24aa9c	d4aaba155304ead4864ae5d25dfb7a7c	2026-07-10 21:45:17.000000000 -0700
2d-unfolding/uq/negweight_uni/2d_xsec_MEFHC_5iter_lgbm_nw_uni_Flux_81.root	56432	6191b939ee928e786eb2c3faa8a0c737c0167a4b8d3a8b5b4c2a477813685c10	4880bcdf0507553fe3f2d26315ca08c2	2026-07-10 21:45:44.000000000 -0700
2d-unfolding/uq/negweight_uni/2d_xsec_MEFHC_5iter_lgbm_nw_uni_Flux_82.root	56507	a455b8b05588237cf0ada508c60dc62f4782e859e4afedc2269502536167c22b	49897a7aff039ff6a4dbadf57a859fab	2026-07-10 21:45:09.000000000 -0700
2d-unfolding/uq/negweight_uni/2d_xsec_MEFHC_5iter_lgbm_nw_uni_Flux_83.root	56467	01143109b70a9db4fca651e39c03014c0de87703cc3d40baed0cc5025457b5a7	c45abe5750de6aa62933a850e414a6c0	2026-07-10 21:46:19.000000000 -0700
2d-unfolding/uq/negweight_uni/2d_xsec_MEFHC_5iter_lgbm_nw_uni_Flux_84.root	56459	2c5e79dc0e861cf1bcbb41bd116004f40489499647c95eeebe630fa720b73658	406895153bd98ce9b60d3d0b3de31bad	2026-07-10 21:44:52.000000000 -0700
2d-unfolding/uq/negweight_uni/2d_xsec_MEFHC_5iter_lgbm_nw_uni_Flux_85.root	56374	fbe231c5323bf8dd3c12cd45c7300621135518c49a1be0d2a67264c53cbe3ceb	6a8bc0052278863f8213e39440d25f0f	2026-07-10 21:46:23.000000000 -0700
2d-unfolding/uq/negweight_uni/2d_xsec_MEFHC_5iter_lgbm_nw_uni_Flux_86.root	56434	5ed31474fdcb8c95f186d8316978a36defe3bd7813fa7669baae9b4d6029a25c	59be0a84be2ab10b873e11ee4346b511	2026-07-10 22:01:39.000000000 -0700
2d-unfolding/uq/negweight_uni/2d_xsec_MEFHC_5iter_lgbm_nw_uni_Flux_87.root	56434	9a44c7f2e1f9254fae29bf2ebe74531674708fda485b15d84f494f0d6437303b	7fd4394c302ec7e04f2b0d5f65210988	2026-07-10 22:02:34.000000000 -0700
2d-unfolding/uq/negweight_uni/2d_xsec_MEFHC_5iter_lgbm_nw_uni_Flux_88.root	56525	ede57a32beabd931e8413bb177469f45f25d184bb636bc8f024d205a03eed592	ca0b804d997228ed2f848939456df463	2026-07-10 22:01:22.000000000 -0700
2d-unfolding/uq/negweight_uni/2d_xsec_MEFHC_5iter_lgbm_nw_uni_Flux_89.root	56419	cb4a125cbebf3925770acf79f047e2ea84bb82bb0ded1f4074e7749d15ca5039	689fe7b4d1eb83392ebab704ba04c044	2026-07-10 22:00:20.000000000 -0700
2d-unfolding/uq/negweight_uni/2d_xsec_MEFHC_5iter_lgbm_nw_uni_Flux_8.root	56467	3056438bbfd195b5a2047694fcbc3d0c140730911fb8afe2c5b9157953c9d5eb	2b3619667612b958c1879ab6ea27e68f	2026-07-10 08:56:04.000000000 -0700
2d-unfolding/uq/negweight_uni/2d_xsec_MEFHC_5iter_lgbm_nw_uni_Flux_90.root	56454	32d6cad77896a17cc9fd581efddc7b2097ed5113323980ccce18a67579a4305c	de8512146d68027b4c9480919a6bb8e0	2026-07-10 22:02:55.000000000 -0700
2d-unfolding/uq/negweight_uni/2d_xsec_MEFHC_5iter_lgbm_nw_uni_Flux_91.root	56464	82c18ec90eafe550f2dfe418bf2941f6fb468518ead6398ebd2c99caad951aad	da9294749c1a474ee66208e99d69a6bb	2026-07-10 22:01:39.000000000 -0700
2d-unfolding/uq/negweight_uni/2d_xsec_MEFHC_5iter_lgbm_nw_uni_Flux_92.root	56480	f30c519c525b590c4ef77c4f08f23a23931257eafdaa2fb621327310d595b5fd	ebac93fdcd08af26d026860b2d470b4f	2026-07-10 22:01:16.000000000 -0700
2d-unfolding/uq/negweight_uni/2d_xsec_MEFHC_5iter_lgbm_nw_uni_Flux_93.root	56415	bd828e080d4ce96a254f5d68c376004170fb13b8b806920c8254f1711ddcb6b7	e7c3dfc61cfc30082cd281d5b7326b44	2026-07-10 22:02:09.000000000 -0700
2d-unfolding/uq/negweight_uni/2d_xsec_MEFHC_5iter_lgbm_nw_uni_Flux_94.root	56463	03e007ea84eb0e847b1e3c1b12dd5eaddb7130b5113d12eb65d6440b88949c2f	789bcfab86170b95b2a6b98e45ba8217	2026-07-10 22:01:25.000000000 -0700
2d-unfolding/uq/negweight_uni/2d_xsec_MEFHC_5iter_lgbm_nw_uni_Flux_95.root	56467	c977b7844df6753faefcf5787437ad03b2eb92263026ab8e51450ba866bb9116	0307f31d2da679c4f1ad5a18f88a28a0	2026-07-10 22:07:25.000000000 -0700
2d-unfolding/uq/negweight_uni/2d_xsec_MEFHC_5iter_lgbm_nw_uni_Flux_96.root	56423	ff23a7321c881bc19c879a3e74ea17a6f3e1561f84e3aa02c1de3a305b3f4dc8	b4c7bdc44e95b505468a5f7d570ca731	2026-07-10 22:06:34.000000000 -0700
2d-unfolding/uq/negweight_uni/2d_xsec_MEFHC_5iter_lgbm_nw_uni_Flux_97.root	56498	ce20de2ec157d7148a37a85858cb10dd1cd6b98e4bfa70173ea3613b40afa8a2	9c76d73fa4b01f5f72e38002d7f1db6a	2026-07-10 22:07:45.000000000 -0700
2d-unfolding/uq/negweight_uni/2d_xsec_MEFHC_5iter_lgbm_nw_uni_Flux_98.root	56439	9186b219a413aec61899ce45af6ff1b840f6960101adf4d8d65fba0dba425a15	afcacc36edf227c3ddbecd77ecf7e440	2026-07-10 22:06:32.000000000 -0700
2d-unfolding/uq/negweight_uni/2d_xsec_MEFHC_5iter_lgbm_nw_uni_Flux_99.root	56421	5341bd71e73379d6f69b1cd268e262e1796ca7ad01c7ac4526b3a22df27b3329	a0e07d489949bcec769da5efffb6bbb3	2026-07-10 22:06:15.000000000 -0700
2d-unfolding/uq/negweight_uni/2d_xsec_MEFHC_5iter_lgbm_nw_uni_Flux_9.root	56478	6780d69ab0d64cb3580a6242474216ed4bf95c6f91d84e8c2facc63d32fe0e63	89eb33752580bad697e412ce5d5c4bd4	2026-07-10 08:57:31.000000000 -0700
2d-unfolding/uq/negweight_uni/2d_xsec_MEFHC_5iter_lgbm_nw_uni_FrAbs_N_0.root	56507	11e6bfb8baa8b7c71a55bc2395cd27ecb454351ca2ab499863c8667f1687218b	5a844862cfcf49d77bcfe1de53e16da1	2026-07-10 22:05:49.000000000 -0700
2d-unfolding/uq/negweight_uni/2d_xsec_MEFHC_5iter_lgbm_nw_uni_FrAbs_N_1.root	56542	f9f965b2bd7dcbaa5574b340b6d838b19797cf5fb54261a88c39bcc4aa162baa	6c9341b00e7f22c7da63429551ae22d7	2026-07-10 22:06:56.000000000 -0700
2d-unfolding/uq/negweight_uni/2d_xsec_MEFHC_5iter_lgbm_nw_uni_FrAbs_pi_0.root	56524	1c7e2387bf6944708fc60c40a103a09a044a1c69cc05aaa7681dbf0b8ff930c9	458d61683bcdb9b48d5c3cd67bb0d170	2026-07-10 22:05:46.000000000 -0700
2d-unfolding/uq/negweight_uni/2d_xsec_MEFHC_5iter_lgbm_nw_uni_FrAbs_pi_1.root	56494	0a7dcdd8c2e7778194524e7eeaaba9324f9b0da06ee63be1a1f1d0988a652e12	4c357e19e053418b08ebca7b0ff420ff	2026-07-10 22:10:32.000000000 -0700
2d-unfolding/uq/negweight_uni/2d_xsec_MEFHC_5iter_lgbm_nw_uni_FrCEx_N_0.root	56521	a5392e84585336025f8ca2e28a428672686e5a798c39169940f468eccfdc54a1	fe78d7715dcadf755a0dcb3e25eb0c99	2026-07-10 22:07:57.000000000 -0700
2d-unfolding/uq/negweight_uni/2d_xsec_MEFHC_5iter_lgbm_nw_uni_FrCEx_N_1.root	56536	a49cc7622ec194d21055c5a3048cd7d093edac17f0340d0bd7018bc344992e6b	b9bedd0decfccf231783c9b99db03b19	2026-07-10 22:07:07.000000000 -0700
2d-unfolding/uq/negweight_uni/2d_xsec_MEFHC_5iter_lgbm_nw_uni_FrCEx_pi_0.root	56525	19e86f9a1f96a77b8271bf9919a7c0d7ccf7f020cfd37182fd3325c0401e852a	d475f0d4d9b2b5be02036399165bb719	2026-07-10 22:09:07.000000000 -0700
2d-unfolding/uq/negweight_uni/2d_xsec_MEFHC_5iter_lgbm_nw_uni_FrCEx_pi_1.root	56449	a985780600e38c76767d5bb54bc44a63dfcace12e757798de6643b47adb469aa	ae68aa6188058847813e269c90ddb642	2026-07-10 22:08:59.000000000 -0700
2d-unfolding/uq/negweight_uni/2d_xsec_MEFHC_5iter_lgbm_nw_uni_FrElas_N_0.root	56487	d4e56c71a987d04668ab4c99d21630426c70afb6230199947669c34c8f65e04a	2c204499853512d4140576e4e9ba4ad0	2026-07-10 22:34:30.000000000 -0700
2d-unfolding/uq/negweight_uni/2d_xsec_MEFHC_5iter_lgbm_nw_uni_FrElas_N_1.root	56527	650f05e0d73dfc428a1ef559157aff9e72165ed60106d9f5150e536c5cdd94c2	b72977005152ceea1504264aa9ea2bf7	2026-07-10 22:34:17.000000000 -0700
2d-unfolding/uq/negweight_uni/2d_xsec_MEFHC_5iter_lgbm_nw_uni_FrElas_pi_0.root	56484	3332d1f57603b3ad9ebb75d10d27925b33146e246d656d3854793f9b9bbcfee8	646a942fced494defd4a8fc699f2409f	2026-07-10 22:35:42.000000000 -0700
2d-unfolding/uq/negweight_uni/2d_xsec_MEFHC_5iter_lgbm_nw_uni_FrElas_pi_1.root	56469	ae66a73e068b823729c5c2f61e6169262e830ed21a3ea786d3af40eb0e68f83b	33e773fee14423b3df6cb6c89f0bc8aa	2026-07-10 22:35:31.000000000 -0700
2d-unfolding/uq/negweight_uni/2d_xsec_MEFHC_5iter_lgbm_nw_uni_FrInel_N_0.root	56476	7a0330f23972744fe9bba8a5541de9a52bf01f9f24518b86766609db006883f1	c4aca561f2d3dac369661970031a16ea	2026-07-10 22:34:28.000000000 -0700
2d-unfolding/uq/negweight_uni/2d_xsec_MEFHC_5iter_lgbm_nw_uni_FrInel_N_1.root	56493	8b4b4c37c4b9c2dbe9a54df98303f7a84e5d82eda5c1d77cabbae22cbf16b2c3	ea36d5a5a398e7899f65a0c39ca8016e	2026-07-10 22:35:18.000000000 -0700
2d-unfolding/uq/negweight_uni/2d_xsec_MEFHC_5iter_lgbm_nw_uni_FrPiProd_N_0.root	56494	078480c5ff1d05ceb8f03027178d85e453a8c56a7e999a97402077bd1bcd1c24	a9cf5c73dc465bc3b53b3c0cac4f4fb3	2026-07-10 22:35:54.000000000 -0700
2d-unfolding/uq/negweight_uni/2d_xsec_MEFHC_5iter_lgbm_nw_uni_FrPiProd_N_1.root	56483	9e674acb179622b54ba4e315ae9855ee101984dbf76e900212e775a4dc43eb52	e1cb4eda91b159d0fe361898c854114e	2026-07-10 22:33:49.000000000 -0700
2d-unfolding/uq/negweight_uni/2d_xsec_MEFHC_5iter_lgbm_nw_uni_FrPiProd_pi_0.root	56445	8d9b6de4e507aa5064ebaeaae76616f0b2f035ccfcb0878f060e79a1adea4b66	27589eab24450709555543dbf27ce151	2026-07-10 22:46:33.000000000 -0700
2d-unfolding/uq/negweight_uni/2d_xsec_MEFHC_5iter_lgbm_nw_uni_FrPiProd_pi_1.root	56437	3a3d15af8781e025c4994daad78878d1be376b57627b629e8bd3db9998721692	364f7b16c86a1e00abd4bed76939c5b3	2026-07-10 22:46:35.000000000 -0700
2d-unfolding/uq/negweight_uni/2d_xsec_MEFHC_5iter_lgbm_nw_uni_GEANT_Neutron_0.root	55562	570e3bdde4747cfe87e6bb638c05110a4a005f57e2bb721b6449e156e7d73849	1a988755ef64a6fe8bb2bbcb0a33c14d	2026-07-10 22:47:52.000000000 -0700
2d-unfolding/uq/negweight_uni/2d_xsec_MEFHC_5iter_lgbm_nw_uni_GEANT_Neutron_1.root	55633	ad4b8c4ede88850f961c2a2fcb502496d4e365d699bc53856d15e0050e6c18db	ec25393ea6daf6bc4acc27e54789671b	2026-07-10 22:47:31.000000000 -0700
2d-unfolding/uq/negweight_uni/2d_xsec_MEFHC_5iter_lgbm_nw_uni_GEANT_Pion_0.root	55578	eb8a2d9018558024dd35878f600e2e87375a5fdb638b305514dbf0a95e5d1dfb	67417a549b85125174af5c15d7d768e1	2026-07-10 22:46:30.000000000 -0700
2d-unfolding/uq/negweight_uni/2d_xsec_MEFHC_5iter_lgbm_nw_uni_GEANT_Pion_1.root	55563	91eefe7529e3a2381d677d8800c25c982fd59dbc12bbb44994f55a0cff5ef869	86247d066bac8f51b60cd89be0e4d72f	2026-07-10 22:46:57.000000000 -0700
2d-unfolding/uq/negweight_uni/2d_xsec_MEFHC_5iter_lgbm_nw_uni_GEANT_Proton_0.root	55597	f4cde07e225b3b8635ac3ff27ceb03d954c6016462c8430b877bac52f41316e0	88dbaea75187dfd41ec316d139f38fb9	2026-07-10 22:46:18.000000000 -0700
2d-unfolding/uq/negweight_uni/2d_xsec_MEFHC_5iter_lgbm_nw_uni_GEANT_Proton_1.root	55622	476c30139f5317801360635a049415710cddc519bd8ee9725ede01b77b9c94af	c64fca04844d07d29570cf385cd9c9bb	2026-07-10 22:48:13.000000000 -0700
2d-unfolding/uq/negweight_uni/2d_xsec_MEFHC_5iter_lgbm_nw_uni_HighQ2_0.root	56563	0d6d3e1169bb76cfd42c6a941880c287651f955dfad3d362277dc2105f48a199	128fda8d8d45ed520531558e33a80d61	2026-07-10 22:46:35.000000000 -0700
2d-unfolding/uq/negweight_uni/2d_xsec_MEFHC_5iter_lgbm_nw_uni_HighQ2_1.root	56481	609e8a1448376e10a0f92ceac30482050360b976531742a03b6de304a8f91190	2c1a5d5457546c7a24bfa625dd4a5396	2026-07-10 22:52:17.000000000 -0700
2d-unfolding/uq/negweight_uni/2d_xsec_MEFHC_5iter_lgbm_nw_uni_LowQ2_0.root	56477	5f091fde8b80dedf3e4c4b8613020559c27524da255ef6b197a442d9881648b0	bd5420545a8b31bb648922316d31d0b1	2026-07-10 22:49:56.000000000 -0700
2d-unfolding/uq/negweight_uni/2d_xsec_MEFHC_5iter_lgbm_nw_uni_LowQ2_1.root	56450	6c4e79f736bad74253d6f49eea353d6be49d788ab73086f25e3f13ca6ee7e50d	b749c59962733327ecf17d158c18c0fe	2026-07-10 22:49:31.000000000 -0700
2d-unfolding/uq/negweight_uni/2d_xsec_MEFHC_5iter_lgbm_nw_uni_MaCCQE_0.root	56584	0479c09043ffc0d4c195658d4abd4be4020c882350e3e2996e787c41063b3c30	45412be59d59f350977b3a1cdc93682e	2026-07-10 22:51:45.000000000 -0700
2d-unfolding/uq/negweight_uni/2d_xsec_MEFHC_5iter_lgbm_nw_uni_MaCCQE_1.root	56671	1b3436961c49b690a904a94da78ac8919ca025b88b7642e37946d2dc6d00f7b3	38525c05bf7cbbc7d27f77284d2a9f9e	2026-07-10 22:50:58.000000000 -0700
2d-unfolding/uq/negweight_uni/2d_xsec_MEFHC_5iter_lgbm_nw_uni_MaNCEL_0.root	55569	6a98896a89ecce0bd9186dfec4b68a1bb8dd0418f8b06fd814e8afca1731eb85	bab97c480c8e478d5460c41209f4148d	2026-07-10 22:51:00.000000000 -0700
2d-unfolding/uq/negweight_uni/2d_xsec_MEFHC_5iter_lgbm_nw_uni_MaNCEL_1.root	55566	7925d7758eff3deef42ac7aa84196acff0018be434eab51a05ec19287f180013	dd233ac945e29e249219e2c93140bb52	2026-07-10 22:51:09.000000000 -0700
2d-unfolding/uq/negweight_uni/2d_xsec_MEFHC_5iter_lgbm_nw_uni_MaRES_0.root	56600	4e37c09e00deb3f1c9d487fc66c1b71beb3653b643761e89cc31641aec1b28dc	7601c1da0d7920e8d4465d865c8ae4d5	2026-07-10 22:50:53.000000000 -0700
2d-unfolding/uq/negweight_uni/2d_xsec_MEFHC_5iter_lgbm_nw_uni_MaRES_1.root	56606	0aea7f8f5605520556b421e306ec14e7012606f6e0e7a6bfed44f232b793e455	006b1e416d5dd637a05c7e67f7afad1f	2026-07-10 22:57:30.000000000 -0700
2d-unfolding/uq/negweight_uni/2d_xsec_MEFHC_5iter_lgbm_nw_uni_MFP_N_0.root	56559	e72c91db2df0b2f309056a4d33ee3c7d68ff7e0f15fcd1d63387ef36373f2185	0a29647e040306d4c80e6f966f1cfe57	2026-07-10 22:51:28.000000000 -0700
2d-unfolding/uq/negweight_uni/2d_xsec_MEFHC_5iter_lgbm_nw_uni_MFP_N_1.root	56539	1c7e30e2681b878df489edb3ddf9688b3c35607e6e2e026fc73677007bba3ef1	10112be013320ce53bcbdebe5a4c06de	2026-07-10 22:51:20.000000000 -0700
2d-unfolding/uq/negweight_uni/2d_xsec_MEFHC_5iter_lgbm_nw_uni_MFP_pi_0.root	56585	6a5cd1f654fb403922e5a78f5ba36c86e6b44ec458f822c560ba7fa896cf9581	dc6e6c2ac7ae1592f0f1f2a6408ce144	2026-07-10 22:51:41.000000000 -0700
2d-unfolding/uq/negweight_uni/2d_xsec_MEFHC_5iter_lgbm_nw_uni_MFP_pi_1.root	56578	20cfdaf39d19991db032039dd4fb5ac1584a95f6ef4eebf7e98e4cd5ecc8da6b	585ab19de82ec70a68c2ca72c186a0fd	2026-07-10 22:53:35.000000000 -0700
2d-unfolding/uq/negweight_uni/2d_xsec_MEFHC_5iter_lgbm_nw_uni_MinosEfficiency_0.root	55671	a60b0f53979a6f28c037ab3b22aa0671c6d01aa82a053851ac2970d871dd4fb9	a3076db8c971679a57b477b05fa46daa	2026-07-10 23:18:36.000000000 -0700
2d-unfolding/uq/negweight_uni/2d_xsec_MEFHC_5iter_lgbm_nw_uni_MinosEfficiency_1.root	55697	cd223643eb6f96716293b061659c4c631029a461ef6462d97a00d7989e82b7a3	02688f7833df1d9aab45cb56e120396f	2026-07-10 23:19:37.000000000 -0700
2d-unfolding/uq/negweight_uni/2d_xsec_MEFHC_5iter_lgbm_nw_uni_Muon_Energy_MINERvA_0.root	55610	49d3dc358821ac7b2014a51b9f3c2e858a0e28e3d0fc09317d4c6c28f3806732	737ba2b9a4485de58d7590d6e48100ae	2026-07-10 23:32:44.000000000 -0700
2d-unfolding/uq/negweight_uni/2d_xsec_MEFHC_5iter_lgbm_nw_uni_Muon_Energy_MINERvA_1.root	55660	a3bb6b0397bc47eb645c59ef17e0fb3aa0a32435810f9dffcb8056fc652576fd	ce60f54a9df11282fda442e5dca8e3f9	2026-07-10 23:32:13.000000000 -0700
2d-unfolding/uq/negweight_uni/2d_xsec_MEFHC_5iter_lgbm_nw_uni_Muon_Energy_MINOS_0.root	56499	1f5aebefa25a370f1106a386f8946cc75b7a41aad824a56ca88fe497e99cf65d	ab88143e388d923b2bf943e943d0ee54	2026-07-10 23:31:29.000000000 -0700
2d-unfolding/uq/negweight_uni/2d_xsec_MEFHC_5iter_lgbm_nw_uni_Muon_Energy_MINOS_1.root	56418	2e5b7cbb7362a084d79618843df6b877e73e613f3b82e1253d80d52eb06d5fcc	3a5fa4e45a10fdfac7cd681b5ec9b9df	2026-07-10 23:31:28.000000000 -0700
2d-unfolding/uq/negweight_uni/2d_xsec_MEFHC_5iter_lgbm_nw_uni_MuonResolution_0.root	55604	ca6c2039a39fccc78c5f289b5e485e6c1992b000cad7cd74e3aebc600d0f3d97	808191a0f0cfd22f9439ee380bd2d3ce	2026-07-10 23:33:28.000000000 -0700
2d-unfolding/uq/negweight_uni/2d_xsec_MEFHC_5iter_lgbm_nw_uni_MuonResolution_1.root	55630	ff96bc98deee7aab4e53f7fe1f512c4b5b51e82b45b9da0d88c3952c9c5baece	8e2743e9eb715a6e90d5f817c974a3d3	2026-07-10 23:33:56.000000000 -0700
2d-unfolding/uq/negweight_uni/2d_xsec_MEFHC_5iter_lgbm_nw_uni_MvRES_0.root	56574	dcf06db98262122405035884dffc69d9d2916d3bd4f3ef2616df892ccb2ae199	4fb9ce5ea3e090d6a7e2620ddd55d0b6	2026-07-10 23:31:46.000000000 -0700
2d-unfolding/uq/negweight_uni/2d_xsec_MEFHC_5iter_lgbm_nw_uni_MvRES_1.root	56573	1a856daa7e155a32a0fb4644fbc286d093194c229febff5dd164ff2140b1f9aa	289dd72976a9f7e9f86ee96d951785ed	2026-07-10 23:31:25.000000000 -0700
2d-unfolding/uq/negweight_uni/2d_xsec_MEFHC_5iter_lgbm_nw_uni_NormDISCC_0.root	55580	5e2f019bd2ce0a920d19208837f791f63224de1178f7ad755e7c4ccfb1778930	a49e8f347e20d1ccb091c2fb6ff853e9	2026-07-10 23:32:33.000000000 -0700
2d-unfolding/uq/negweight_uni/2d_xsec_MEFHC_5iter_lgbm_nw_uni_NormDISCC_1.root	55592	90a41995b539a337fe0fc61738ba8cfdafe386f7dce6c937fe2623c6147b224c	0dc3997083da94fdc078193135df847b	2026-07-10 23:36:28.000000000 -0700
2d-unfolding/uq/negweight_uni/2d_xsec_MEFHC_5iter_lgbm_nw_uni_NormNCRES_0.root	55593	77c0b49f1b50e181476edb0d481eb9ce07aa0c6adacc7ca5bce0c87065961798	367e72b55fb99ec7dc0d3e6eff34714a	2026-07-10 23:38:04.000000000 -0700
2d-unfolding/uq/negweight_uni/2d_xsec_MEFHC_5iter_lgbm_nw_uni_NormNCRES_1.root	55573	30e260aba5aef62876f897d358274d1dc84103194117f7e1f93f8919ecdb5b4f	d55845e16edddd6b8f0e7f53a459a361	2026-07-10 23:36:42.000000000 -0700
2d-unfolding/uq/negweight_uni/2d_xsec_MEFHC_5iter_lgbm_nw_uni_RDecBR1gamma_0.root	56496	0d71850ea3c7fd72182dbce0f84b259bc257f89d3cb50cacfde3b25d8f147b31	4befe4b764befd48bb77fd719f4cb442	2026-07-10 23:36:27.000000000 -0700
2d-unfolding/uq/negweight_uni/2d_xsec_MEFHC_5iter_lgbm_nw_uni_RDecBR1gamma_1.root	56445	c44a839dc3818fdbac3bf77529a8f78ba7f9c0414d4bb74915dd3b9fec70de86	05c8c56e4c917a762c5ba961833705e5	2026-07-10 23:37:24.000000000 -0700
2d-unfolding/uq/negweight_uni/2d_xsec_MEFHC_5iter_lgbm_nw_uni_Rvn1pi_0.root	56494	e45145fe1c5b7f456c9543c2c2370687b806b0c20037af16b457b9e9161b65fb	868f082fdcb4da0c6dc77cd630ec0396	2026-07-10 23:34:40.000000000 -0700
2d-unfolding/uq/negweight_uni/2d_xsec_MEFHC_5iter_lgbm_nw_uni_Rvn1pi_1.root	56536	b2bf18b8d5da9b41150ee62e66059bab8f0760ba7acce84c05166139ecef1153	8bca2d37d76a0ae6da9348067b5d5fc4	2026-07-10 23:38:49.000000000 -0700
2d-unfolding/uq/negweight_uni/2d_xsec_MEFHC_5iter_lgbm_nw_uni_Rvn2pi_0.root	56516	4292cebf1f8aa5177d98bd57e638ae987d3a56b65e8bad1f9cfc05cd055e97bf	e4b12a15afc7a992ce70744679e4e64e	2026-07-10 23:37:36.000000000 -0700
2d-unfolding/uq/negweight_uni/2d_xsec_MEFHC_5iter_lgbm_nw_uni_Rvn2pi_1.root	56620	cbd525c80ed7bc3d797d75c72488a2e1f8af5d6f5007e1eaaab1c50e8d6c5f9c	9aefbc2692413f3e43b60e6c56899106	2026-07-10 23:36:17.000000000 -0700
2d-unfolding/uq/negweight_uni/2d_xsec_MEFHC_5iter_lgbm_nw_uni_Rvp1pi_0.root	56503	9db773c9c58557bc715e260f2c8b6e8b91946791d8d3c322e83156e4227892ef	d6bea15d466d791377165176f874bb8b	2026-07-10 23:36:29.000000000 -0700
2d-unfolding/uq/negweight_uni/2d_xsec_MEFHC_5iter_lgbm_nw_uni_Rvp1pi_1.root	56550	2caa556d6bb2f4a893e7a6b72ff08d60b2dc515230d6257156bd5670a9fae33a	7c7ad0db24fb04ce4943b592b8c3e401	2026-07-10 23:38:18.000000000 -0700
2d-unfolding/uq/negweight_uni/2d_xsec_MEFHC_5iter_lgbm_nw_uni_Rvp2pi_0.root	56518	0766c8b6822f671e54ce911cf6bd374d976c7b666dc07d0b3d6c4ce4de2a7096	149cc040b1c3b40bb71c69aed78f9ec6	2026-07-10 23:37:29.000000000 -0700
2d-unfolding/uq/negweight_uni/2d_xsec_MEFHC_5iter_lgbm_nw_uni_Rvp2pi_1.root	56580	90dc4048d809b90623bff8f1f11aec9d7aabf6d0e88274b5ede817b20602685c	6a70124af8bd98b0e720c6d055cd79bb	2026-07-10 23:37:40.000000000 -0700
2d-unfolding/uq/negweight_uni/2d_xsec_MEFHC_5iter_lgbm_nw_uni_Theta_Delta2Npi_0.root	56555	324cda87bd6eb539d8f3299be3f733152e31d018007c4ec9ce140b94d6df8f84	d50d1e80ceccfb1f44440fb4532bfc2a	2026-07-10 23:35:43.000000000 -0700
2d-unfolding/uq/negweight_uni/2d_xsec_MEFHC_5iter_lgbm_nw_uni_Theta_Delta2Npi_1.root	56599	8bdb9acf16ed496bfb261609e7b3c8f164c62b25f164260f99d75cad2623cd78	681354f59699ebdf28051aee83ccf0d3	2026-07-10 23:36:26.000000000 -0700
2d-unfolding/uq/negweight_uni/2d_xsec_MEFHC_5iter_lgbm_nw_uni_VecFFCCQEshape_0.root	56536	4223858d1409385880d1b8297cca31f3a348f133eb3a13e4125a9226dfda5895	e3250f4c23f00bbabe0c1c55a547910f	2026-07-10 23:38:56.000000000 -0700
2d-unfolding/uq/negweight_uni/2d_xsec_MEFHC_5iter_lgbm_nw_uni_VecFFCCQEshape_1.root	56564	7dcdc7a29d45fd48f2cddc81e80fc92b0a1e1a891d23d808c839dbc52e66cff6	61b0ede01f983f800d3d8352adaccc45	2026-07-10 23:35:14.000000000 -0700
