# F2 construction arm: statistical bootstrap on the real data, full MC, 100 replicas (bootstrap_nd.py unmodified, under s5c_with_estimator.py --config deterministic)
boot_1	s5c_with_estimator.py	--config	deterministic	--threads	32	--evidence	/pscratch/sd/j/josephrb/s5c-20260924/runs/construction/boot/ev_boot_1.json	--	nd-unfolding/bootstrap_nd.py	--npz	/pscratch/sd/j/josephrb/MINERvA-OmniFold/nd-unfolding/of_inputs_5d.npz	--seed	1	--estimator-seed	42	--out	/pscratch/sd/j/josephrb/s5c-20260924/runs/construction/boot/res_boot_1.npz
boot_2	s5c_with_estimator.py	--config	deterministic	--threads	32	--evidence	/pscratch/sd/j/josephrb/s5c-20260924/runs/construction/boot/ev_boot_2.json	--	nd-unfolding/bootstrap_nd.py	--npz	/pscratch/sd/j/josephrb/MINERvA-OmniFold/nd-unfolding/of_inputs_5d.npz	--seed	2	--estimator-seed	42	--out	/pscratch/sd/j/josephrb/s5c-20260924/runs/construction/boot/res_boot_2.npz
boot_3	s5c_with_estimator.py	--config	deterministic	--threads	32	--evidence	/pscratch/sd/j/josephrb/s5c-20260924/runs/construction/boot/ev_boot_3.json	--	nd-unfolding/bootstrap_nd.py	--npz	/pscratch/sd/j/josephrb/MINERvA-OmniFold/nd-unfolding/of_inputs_5d.npz	--seed	3	--estimator-seed	42	--out	/pscratch/sd/j/josephrb/s5c-20260924/runs/construction/boot/res_boot_3.npz
boot_4	s5c_with_estimator.py	--config	deterministic	--threads	32	--evidence	/pscratch/sd/j/josephrb/s5c-20260924/runs/construction/boot/ev_boot_4.json	--	nd-unfolding/bootstrap_nd.py	--npz	/pscratch/sd/j/josephrb/MINERvA-OmniFold/nd-unfolding/of_inputs_5d.npz	--seed	4	--estimator-seed	42	--out	/pscratch/sd/j/josephrb/s5c-20260924/runs/construction/boot/res_boot_4.npz
boot_5	s5c_with_estimator.py	--config	deterministic	--threads	32	--evidence	/pscratch/sd/j/josephrb/s5c-20260924/runs/construction/boot/ev_boot_5.json	--	nd-unfolding/bootstrap_nd.py	--npz	/pscratch/sd/j/josephrb/MINERvA-OmniFold/nd-unfolding/of_inputs_5d.npz	--seed	5	--estimator-seed	42	--out	/pscratch/sd/j/josephrb/s5c-20260924/runs/construction/boot/res_boot_5.npz
boot_6	s5c_with_estimator.py	--config	deterministic	--threads	32	--evidence	/pscratch/sd/j/josephrb/s5c-20260924/runs/construction/boot/ev_boot_6.json	--	nd-unfolding/bootstrap_nd.py	--npz	/pscratch/sd/j/josephrb/MINERvA-OmniFold/nd-unfolding/of_inputs_5d.npz	--seed	6	--estimator-seed	42	--out	/pscratch/sd/j/josephrb/s5c-20260924/runs/construction/boot/res_boot_6.npz
boot_7	s5c_with_estimator.py	--config	deterministic	--threads	32	--evidence	/pscratch/sd/j/josephrb/s5c-20260924/runs/construction/boot/ev_boot_7.json	--	nd-unfolding/bootstrap_nd.py	--npz	/pscratch/sd/j/josephrb/MINERvA-OmniFold/nd-unfolding/of_inputs_5d.npz	--seed	7	--estimator-seed	42	--out	/pscratch/sd/j/josephrb/s5c-20260924/runs/construction/boot/res_boot_7.npz
boot_8	s5c_with_estimator.py	--config	deterministic	--threads	32	--evidence	/pscratch/sd/j/josephrb/s5c-20260924/runs/construction/boot/ev_boot_8.json	--	nd-unfolding/bootstrap_nd.py	--npz	/pscratch/sd/j/josephrb/MINERvA-OmniFold/nd-unfolding/of_inputs_5d.npz	--seed	8	--estimator-seed	42	--out	/pscratch/sd/j/josephrb/s5c-20260924/runs/construction/boot/res_boot_8.npz
boot_9	s5c_with_estimator.py	--config	deterministic	--threads	32	--evidence	/pscratch/sd/j/josephrb/s5c-20260924/runs/construction/boot/ev_boot_9.json	--	nd-unfolding/bootstrap_nd.py	--npz	/pscratch/sd/j/josephrb/MINERvA-OmniFold/nd-unfolding/of_inputs_5d.npz	--seed	9	--estimator-seed	42	--out	/pscratch/sd/j/josephrb/s5c-20260924/runs/construction/boot/res_boot_9.npz
boot_10	s5c_with_estimator.py	--config	deterministic	--threads	32	--evidence	/pscratch/sd/j/josephrb/s5c-20260924/runs/construction/boot/ev_boot_10.json	--	nd-unfolding/bootstrap_nd.py	--npz	/pscratch/sd/j/josephrb/MINERvA-OmniFold/nd-unfolding/of_inputs_5d.npz	--seed	10	--estimator-seed	42	--out	/pscratch/sd/j/josephrb/s5c-20260924/runs/construction/boot/res_boot_10.npz
boot_11	s5c_with_estimator.py	--config	deterministic	--threads	32	--evidence	/pscratch/sd/j/josephrb/s5c-20260924/runs/construction/boot/ev_boot_11.json	--	nd-unfolding/bootstrap_nd.py	--npz	/pscratch/sd/j/josephrb/MINERvA-OmniFold/nd-unfolding/of_inputs_5d.npz	--seed	11	--estimator-seed	42	--out	/pscratch/sd/j/josephrb/s5c-20260924/runs/construction/boot/res_boot_11.npz
boot_12	s5c_with_estimator.py	--config	deterministic	--threads	32	--evidence	/pscratch/sd/j/josephrb/s5c-20260924/runs/construction/boot/ev_boot_12.json	--	nd-unfolding/bootstrap_nd.py	--npz	/pscratch/sd/j/josephrb/MINERvA-OmniFold/nd-unfolding/of_inputs_5d.npz	--seed	12	--estimator-seed	42	--out	/pscratch/sd/j/josephrb/s5c-20260924/runs/construction/boot/res_boot_12.npz
boot_13	s5c_with_estimator.py	--config	deterministic	--threads	32	--evidence	/pscratch/sd/j/josephrb/s5c-20260924/runs/construction/boot/ev_boot_13.json	--	nd-unfolding/bootstrap_nd.py	--npz	/pscratch/sd/j/josephrb/MINERvA-OmniFold/nd-unfolding/of_inputs_5d.npz	--seed	13	--estimator-seed	42	--out	/pscratch/sd/j/josephrb/s5c-20260924/runs/construction/boot/res_boot_13.npz
boot_14	s5c_with_estimator.py	--config	deterministic	--threads	32	--evidence	/pscratch/sd/j/josephrb/s5c-20260924/runs/construction/boot/ev_boot_14.json	--	nd-unfolding/bootstrap_nd.py	--npz	/pscratch/sd/j/josephrb/MINERvA-OmniFold/nd-unfolding/of_inputs_5d.npz	--seed	14	--estimator-seed	42	--out	/pscratch/sd/j/josephrb/s5c-20260924/runs/construction/boot/res_boot_14.npz
boot_15	s5c_with_estimator.py	--config	deterministic	--threads	32	--evidence	/pscratch/sd/j/josephrb/s5c-20260924/runs/construction/boot/ev_boot_15.json	--	nd-unfolding/bootstrap_nd.py	--npz	/pscratch/sd/j/josephrb/MINERvA-OmniFold/nd-unfolding/of_inputs_5d.npz	--seed	15	--estimator-seed	42	--out	/pscratch/sd/j/josephrb/s5c-20260924/runs/construction/boot/res_boot_15.npz
boot_16	s5c_with_estimator.py	--config	deterministic	--threads	32	--evidence	/pscratch/sd/j/josephrb/s5c-20260924/runs/construction/boot/ev_boot_16.json	--	nd-unfolding/bootstrap_nd.py	--npz	/pscratch/sd/j/josephrb/MINERvA-OmniFold/nd-unfolding/of_inputs_5d.npz	--seed	16	--estimator-seed	42	--out	/pscratch/sd/j/josephrb/s5c-20260924/runs/construction/boot/res_boot_16.npz
boot_17	s5c_with_estimator.py	--config	deterministic	--threads	32	--evidence	/pscratch/sd/j/josephrb/s5c-20260924/runs/construction/boot/ev_boot_17.json	--	nd-unfolding/bootstrap_nd.py	--npz	/pscratch/sd/j/josephrb/MINERvA-OmniFold/nd-unfolding/of_inputs_5d.npz	--seed	17	--estimator-seed	42	--out	/pscratch/sd/j/josephrb/s5c-20260924/runs/construction/boot/res_boot_17.npz
boot_18	s5c_with_estimator.py	--config	deterministic	--threads	32	--evidence	/pscratch/sd/j/josephrb/s5c-20260924/runs/construction/boot/ev_boot_18.json	--	nd-unfolding/bootstrap_nd.py	--npz	/pscratch/sd/j/josephrb/MINERvA-OmniFold/nd-unfolding/of_inputs_5d.npz	--seed	18	--estimator-seed	42	--out	/pscratch/sd/j/josephrb/s5c-20260924/runs/construction/boot/res_boot_18.npz
boot_19	s5c_with_estimator.py	--config	deterministic	--threads	32	--evidence	/pscratch/sd/j/josephrb/s5c-20260924/runs/construction/boot/ev_boot_19.json	--	nd-unfolding/bootstrap_nd.py	--npz	/pscratch/sd/j/josephrb/MINERvA-OmniFold/nd-unfolding/of_inputs_5d.npz	--seed	19	--estimator-seed	42	--out	/pscratch/sd/j/josephrb/s5c-20260924/runs/construction/boot/res_boot_19.npz
boot_20	s5c_with_estimator.py	--config	deterministic	--threads	32	--evidence	/pscratch/sd/j/josephrb/s5c-20260924/runs/construction/boot/ev_boot_20.json	--	nd-unfolding/bootstrap_nd.py	--npz	/pscratch/sd/j/josephrb/MINERvA-OmniFold/nd-unfolding/of_inputs_5d.npz	--seed	20	--estimator-seed	42	--out	/pscratch/sd/j/josephrb/s5c-20260924/runs/construction/boot/res_boot_20.npz
boot_21	s5c_with_estimator.py	--config	deterministic	--threads	32	--evidence	/pscratch/sd/j/josephrb/s5c-20260924/runs/construction/boot/ev_boot_21.json	--	nd-unfolding/bootstrap_nd.py	--npz	/pscratch/sd/j/josephrb/MINERvA-OmniFold/nd-unfolding/of_inputs_5d.npz	--seed	21	--estimator-seed	42	--out	/pscratch/sd/j/josephrb/s5c-20260924/runs/construction/boot/res_boot_21.npz
boot_22	s5c_with_estimator.py	--config	deterministic	--threads	32	--evidence	/pscratch/sd/j/josephrb/s5c-20260924/runs/construction/boot/ev_boot_22.json	--	nd-unfolding/bootstrap_nd.py	--npz	/pscratch/sd/j/josephrb/MINERvA-OmniFold/nd-unfolding/of_inputs_5d.npz	--seed	22	--estimator-seed	42	--out	/pscratch/sd/j/josephrb/s5c-20260924/runs/construction/boot/res_boot_22.npz
boot_23	s5c_with_estimator.py	--config	deterministic	--threads	32	--evidence	/pscratch/sd/j/josephrb/s5c-20260924/runs/construction/boot/ev_boot_23.json	--	nd-unfolding/bootstrap_nd.py	--npz	/pscratch/sd/j/josephrb/MINERvA-OmniFold/nd-unfolding/of_inputs_5d.npz	--seed	23	--estimator-seed	42	--out	/pscratch/sd/j/josephrb/s5c-20260924/runs/construction/boot/res_boot_23.npz
boot_24	s5c_with_estimator.py	--config	deterministic	--threads	32	--evidence	/pscratch/sd/j/josephrb/s5c-20260924/runs/construction/boot/ev_boot_24.json	--	nd-unfolding/bootstrap_nd.py	--npz	/pscratch/sd/j/josephrb/MINERvA-OmniFold/nd-unfolding/of_inputs_5d.npz	--seed	24	--estimator-seed	42	--out	/pscratch/sd/j/josephrb/s5c-20260924/runs/construction/boot/res_boot_24.npz
boot_25	s5c_with_estimator.py	--config	deterministic	--threads	32	--evidence	/pscratch/sd/j/josephrb/s5c-20260924/runs/construction/boot/ev_boot_25.json	--	nd-unfolding/bootstrap_nd.py	--npz	/pscratch/sd/j/josephrb/MINERvA-OmniFold/nd-unfolding/of_inputs_5d.npz	--seed	25	--estimator-seed	42	--out	/pscratch/sd/j/josephrb/s5c-20260924/runs/construction/boot/res_boot_25.npz
boot_26	s5c_with_estimator.py	--config	deterministic	--threads	32	--evidence	/pscratch/sd/j/josephrb/s5c-20260924/runs/construction/boot/ev_boot_26.json	--	nd-unfolding/bootstrap_nd.py	--npz	/pscratch/sd/j/josephrb/MINERvA-OmniFold/nd-unfolding/of_inputs_5d.npz	--seed	26	--estimator-seed	42	--out	/pscratch/sd/j/josephrb/s5c-20260924/runs/construction/boot/res_boot_26.npz
boot_27	s5c_with_estimator.py	--config	deterministic	--threads	32	--evidence	/pscratch/sd/j/josephrb/s5c-20260924/runs/construction/boot/ev_boot_27.json	--	nd-unfolding/bootstrap_nd.py	--npz	/pscratch/sd/j/josephrb/MINERvA-OmniFold/nd-unfolding/of_inputs_5d.npz	--seed	27	--estimator-seed	42	--out	/pscratch/sd/j/josephrb/s5c-20260924/runs/construction/boot/res_boot_27.npz
boot_28	s5c_with_estimator.py	--config	deterministic	--threads	32	--evidence	/pscratch/sd/j/josephrb/s5c-20260924/runs/construction/boot/ev_boot_28.json	--	nd-unfolding/bootstrap_nd.py	--npz	/pscratch/sd/j/josephrb/MINERvA-OmniFold/nd-unfolding/of_inputs_5d.npz	--seed	28	--estimator-seed	42	--out	/pscratch/sd/j/josephrb/s5c-20260924/runs/construction/boot/res_boot_28.npz
boot_29	s5c_with_estimator.py	--config	deterministic	--threads	32	--evidence	/pscratch/sd/j/josephrb/s5c-20260924/runs/construction/boot/ev_boot_29.json	--	nd-unfolding/bootstrap_nd.py	--npz	/pscratch/sd/j/josephrb/MINERvA-OmniFold/nd-unfolding/of_inputs_5d.npz	--seed	29	--estimator-seed	42	--out	/pscratch/sd/j/josephrb/s5c-20260924/runs/construction/boot/res_boot_29.npz
boot_30	s5c_with_estimator.py	--config	deterministic	--threads	32	--evidence	/pscratch/sd/j/josephrb/s5c-20260924/runs/construction/boot/ev_boot_30.json	--	nd-unfolding/bootstrap_nd.py	--npz	/pscratch/sd/j/josephrb/MINERvA-OmniFold/nd-unfolding/of_inputs_5d.npz	--seed	30	--estimator-seed	42	--out	/pscratch/sd/j/josephrb/s5c-20260924/runs/construction/boot/res_boot_30.npz
boot_31	s5c_with_estimator.py	--config	deterministic	--threads	32	--evidence	/pscratch/sd/j/josephrb/s5c-20260924/runs/construction/boot/ev_boot_31.json	--	nd-unfolding/bootstrap_nd.py	--npz	/pscratch/sd/j/josephrb/MINERvA-OmniFold/nd-unfolding/of_inputs_5d.npz	--seed	31	--estimator-seed	42	--out	/pscratch/sd/j/josephrb/s5c-20260924/runs/construction/boot/res_boot_31.npz
boot_32	s5c_with_estimator.py	--config	deterministic	--threads	32	--evidence	/pscratch/sd/j/josephrb/s5c-20260924/runs/construction/boot/ev_boot_32.json	--	nd-unfolding/bootstrap_nd.py	--npz	/pscratch/sd/j/josephrb/MINERvA-OmniFold/nd-unfolding/of_inputs_5d.npz	--seed	32	--estimator-seed	42	--out	/pscratch/sd/j/josephrb/s5c-20260924/runs/construction/boot/res_boot_32.npz
boot_33	s5c_with_estimator.py	--config	deterministic	--threads	32	--evidence	/pscratch/sd/j/josephrb/s5c-20260924/runs/construction/boot/ev_boot_33.json	--	nd-unfolding/bootstrap_nd.py	--npz	/pscratch/sd/j/josephrb/MINERvA-OmniFold/nd-unfolding/of_inputs_5d.npz	--seed	33	--estimator-seed	42	--out	/pscratch/sd/j/josephrb/s5c-20260924/runs/construction/boot/res_boot_33.npz
boot_34	s5c_with_estimator.py	--config	deterministic	--threads	32	--evidence	/pscratch/sd/j/josephrb/s5c-20260924/runs/construction/boot/ev_boot_34.json	--	nd-unfolding/bootstrap_nd.py	--npz	/pscratch/sd/j/josephrb/MINERvA-OmniFold/nd-unfolding/of_inputs_5d.npz	--seed	34	--estimator-seed	42	--out	/pscratch/sd/j/josephrb/s5c-20260924/runs/construction/boot/res_boot_34.npz
boot_35	s5c_with_estimator.py	--config	deterministic	--threads	32	--evidence	/pscratch/sd/j/josephrb/s5c-20260924/runs/construction/boot/ev_boot_35.json	--	nd-unfolding/bootstrap_nd.py	--npz	/pscratch/sd/j/josephrb/MINERvA-OmniFold/nd-unfolding/of_inputs_5d.npz	--seed	35	--estimator-seed	42	--out	/pscratch/sd/j/josephrb/s5c-20260924/runs/construction/boot/res_boot_35.npz
boot_36	s5c_with_estimator.py	--config	deterministic	--threads	32	--evidence	/pscratch/sd/j/josephrb/s5c-20260924/runs/construction/boot/ev_boot_36.json	--	nd-unfolding/bootstrap_nd.py	--npz	/pscratch/sd/j/josephrb/MINERvA-OmniFold/nd-unfolding/of_inputs_5d.npz	--seed	36	--estimator-seed	42	--out	/pscratch/sd/j/josephrb/s5c-20260924/runs/construction/boot/res_boot_36.npz
boot_37	s5c_with_estimator.py	--config	deterministic	--threads	32	--evidence	/pscratch/sd/j/josephrb/s5c-20260924/runs/construction/boot/ev_boot_37.json	--	nd-unfolding/bootstrap_nd.py	--npz	/pscratch/sd/j/josephrb/MINERvA-OmniFold/nd-unfolding/of_inputs_5d.npz	--seed	37	--estimator-seed	42	--out	/pscratch/sd/j/josephrb/s5c-20260924/runs/construction/boot/res_boot_37.npz
boot_38	s5c_with_estimator.py	--config	deterministic	--threads	32	--evidence	/pscratch/sd/j/josephrb/s5c-20260924/runs/construction/boot/ev_boot_38.json	--	nd-unfolding/bootstrap_nd.py	--npz	/pscratch/sd/j/josephrb/MINERvA-OmniFold/nd-unfolding/of_inputs_5d.npz	--seed	38	--estimator-seed	42	--out	/pscratch/sd/j/josephrb/s5c-20260924/runs/construction/boot/res_boot_38.npz
boot_39	s5c_with_estimator.py	--config	deterministic	--threads	32	--evidence	/pscratch/sd/j/josephrb/s5c-20260924/runs/construction/boot/ev_boot_39.json	--	nd-unfolding/bootstrap_nd.py	--npz	/pscratch/sd/j/josephrb/MINERvA-OmniFold/nd-unfolding/of_inputs_5d.npz	--seed	39	--estimator-seed	42	--out	/pscratch/sd/j/josephrb/s5c-20260924/runs/construction/boot/res_boot_39.npz
boot_40	s5c_with_estimator.py	--config	deterministic	--threads	32	--evidence	/pscratch/sd/j/josephrb/s5c-20260924/runs/construction/boot/ev_boot_40.json	--	nd-unfolding/bootstrap_nd.py	--npz	/pscratch/sd/j/josephrb/MINERvA-OmniFold/nd-unfolding/of_inputs_5d.npz	--seed	40	--estimator-seed	42	--out	/pscratch/sd/j/josephrb/s5c-20260924/runs/construction/boot/res_boot_40.npz
boot_41	s5c_with_estimator.py	--config	deterministic	--threads	32	--evidence	/pscratch/sd/j/josephrb/s5c-20260924/runs/construction/boot/ev_boot_41.json	--	nd-unfolding/bootstrap_nd.py	--npz	/pscratch/sd/j/josephrb/MINERvA-OmniFold/nd-unfolding/of_inputs_5d.npz	--seed	41	--estimator-seed	42	--out	/pscratch/sd/j/josephrb/s5c-20260924/runs/construction/boot/res_boot_41.npz
boot_42	s5c_with_estimator.py	--config	deterministic	--threads	32	--evidence	/pscratch/sd/j/josephrb/s5c-20260924/runs/construction/boot/ev_boot_42.json	--	nd-unfolding/bootstrap_nd.py	--npz	/pscratch/sd/j/josephrb/MINERvA-OmniFold/nd-unfolding/of_inputs_5d.npz	--seed	42	--estimator-seed	42	--out	/pscratch/sd/j/josephrb/s5c-20260924/runs/construction/boot/res_boot_42.npz
boot_43	s5c_with_estimator.py	--config	deterministic	--threads	32	--evidence	/pscratch/sd/j/josephrb/s5c-20260924/runs/construction/boot/ev_boot_43.json	--	nd-unfolding/bootstrap_nd.py	--npz	/pscratch/sd/j/josephrb/MINERvA-OmniFold/nd-unfolding/of_inputs_5d.npz	--seed	43	--estimator-seed	42	--out	/pscratch/sd/j/josephrb/s5c-20260924/runs/construction/boot/res_boot_43.npz
boot_44	s5c_with_estimator.py	--config	deterministic	--threads	32	--evidence	/pscratch/sd/j/josephrb/s5c-20260924/runs/construction/boot/ev_boot_44.json	--	nd-unfolding/bootstrap_nd.py	--npz	/pscratch/sd/j/josephrb/MINERvA-OmniFold/nd-unfolding/of_inputs_5d.npz	--seed	44	--estimator-seed	42	--out	/pscratch/sd/j/josephrb/s5c-20260924/runs/construction/boot/res_boot_44.npz
boot_45	s5c_with_estimator.py	--config	deterministic	--threads	32	--evidence	/pscratch/sd/j/josephrb/s5c-20260924/runs/construction/boot/ev_boot_45.json	--	nd-unfolding/bootstrap_nd.py	--npz	/pscratch/sd/j/josephrb/MINERvA-OmniFold/nd-unfolding/of_inputs_5d.npz	--seed	45	--estimator-seed	42	--out	/pscratch/sd/j/josephrb/s5c-20260924/runs/construction/boot/res_boot_45.npz
boot_46	s5c_with_estimator.py	--config	deterministic	--threads	32	--evidence	/pscratch/sd/j/josephrb/s5c-20260924/runs/construction/boot/ev_boot_46.json	--	nd-unfolding/bootstrap_nd.py	--npz	/pscratch/sd/j/josephrb/MINERvA-OmniFold/nd-unfolding/of_inputs_5d.npz	--seed	46	--estimator-seed	42	--out	/pscratch/sd/j/josephrb/s5c-20260924/runs/construction/boot/res_boot_46.npz
boot_47	s5c_with_estimator.py	--config	deterministic	--threads	32	--evidence	/pscratch/sd/j/josephrb/s5c-20260924/runs/construction/boot/ev_boot_47.json	--	nd-unfolding/bootstrap_nd.py	--npz	/pscratch/sd/j/josephrb/MINERvA-OmniFold/nd-unfolding/of_inputs_5d.npz	--seed	47	--estimator-seed	42	--out	/pscratch/sd/j/josephrb/s5c-20260924/runs/construction/boot/res_boot_47.npz
boot_48	s5c_with_estimator.py	--config	deterministic	--threads	32	--evidence	/pscratch/sd/j/josephrb/s5c-20260924/runs/construction/boot/ev_boot_48.json	--	nd-unfolding/bootstrap_nd.py	--npz	/pscratch/sd/j/josephrb/MINERvA-OmniFold/nd-unfolding/of_inputs_5d.npz	--seed	48	--estimator-seed	42	--out	/pscratch/sd/j/josephrb/s5c-20260924/runs/construction/boot/res_boot_48.npz
boot_49	s5c_with_estimator.py	--config	deterministic	--threads	32	--evidence	/pscratch/sd/j/josephrb/s5c-20260924/runs/construction/boot/ev_boot_49.json	--	nd-unfolding/bootstrap_nd.py	--npz	/pscratch/sd/j/josephrb/MINERvA-OmniFold/nd-unfolding/of_inputs_5d.npz	--seed	49	--estimator-seed	42	--out	/pscratch/sd/j/josephrb/s5c-20260924/runs/construction/boot/res_boot_49.npz
boot_50	s5c_with_estimator.py	--config	deterministic	--threads	32	--evidence	/pscratch/sd/j/josephrb/s5c-20260924/runs/construction/boot/ev_boot_50.json	--	nd-unfolding/bootstrap_nd.py	--npz	/pscratch/sd/j/josephrb/MINERvA-OmniFold/nd-unfolding/of_inputs_5d.npz	--seed	50	--estimator-seed	42	--out	/pscratch/sd/j/josephrb/s5c-20260924/runs/construction/boot/res_boot_50.npz
boot_51	s5c_with_estimator.py	--config	deterministic	--threads	32	--evidence	/pscratch/sd/j/josephrb/s5c-20260924/runs/construction/boot/ev_boot_51.json	--	nd-unfolding/bootstrap_nd.py	--npz	/pscratch/sd/j/josephrb/MINERvA-OmniFold/nd-unfolding/of_inputs_5d.npz	--seed	51	--estimator-seed	42	--out	/pscratch/sd/j/josephrb/s5c-20260924/runs/construction/boot/res_boot_51.npz
boot_52	s5c_with_estimator.py	--config	deterministic	--threads	32	--evidence	/pscratch/sd/j/josephrb/s5c-20260924/runs/construction/boot/ev_boot_52.json	--	nd-unfolding/bootstrap_nd.py	--npz	/pscratch/sd/j/josephrb/MINERvA-OmniFold/nd-unfolding/of_inputs_5d.npz	--seed	52	--estimator-seed	42	--out	/pscratch/sd/j/josephrb/s5c-20260924/runs/construction/boot/res_boot_52.npz
boot_53	s5c_with_estimator.py	--config	deterministic	--threads	32	--evidence	/pscratch/sd/j/josephrb/s5c-20260924/runs/construction/boot/ev_boot_53.json	--	nd-unfolding/bootstrap_nd.py	--npz	/pscratch/sd/j/josephrb/MINERvA-OmniFold/nd-unfolding/of_inputs_5d.npz	--seed	53	--estimator-seed	42	--out	/pscratch/sd/j/josephrb/s5c-20260924/runs/construction/boot/res_boot_53.npz
boot_54	s5c_with_estimator.py	--config	deterministic	--threads	32	--evidence	/pscratch/sd/j/josephrb/s5c-20260924/runs/construction/boot/ev_boot_54.json	--	nd-unfolding/bootstrap_nd.py	--npz	/pscratch/sd/j/josephrb/MINERvA-OmniFold/nd-unfolding/of_inputs_5d.npz	--seed	54	--estimator-seed	42	--out	/pscratch/sd/j/josephrb/s5c-20260924/runs/construction/boot/res_boot_54.npz
boot_55	s5c_with_estimator.py	--config	deterministic	--threads	32	--evidence	/pscratch/sd/j/josephrb/s5c-20260924/runs/construction/boot/ev_boot_55.json	--	nd-unfolding/bootstrap_nd.py	--npz	/pscratch/sd/j/josephrb/MINERvA-OmniFold/nd-unfolding/of_inputs_5d.npz	--seed	55	--estimator-seed	42	--out	/pscratch/sd/j/josephrb/s5c-20260924/runs/construction/boot/res_boot_55.npz
boot_56	s5c_with_estimator.py	--config	deterministic	--threads	32	--evidence	/pscratch/sd/j/josephrb/s5c-20260924/runs/construction/boot/ev_boot_56.json	--	nd-unfolding/bootstrap_nd.py	--npz	/pscratch/sd/j/josephrb/MINERvA-OmniFold/nd-unfolding/of_inputs_5d.npz	--seed	56	--estimator-seed	42	--out	/pscratch/sd/j/josephrb/s5c-20260924/runs/construction/boot/res_boot_56.npz
boot_57	s5c_with_estimator.py	--config	deterministic	--threads	32	--evidence	/pscratch/sd/j/josephrb/s5c-20260924/runs/construction/boot/ev_boot_57.json	--	nd-unfolding/bootstrap_nd.py	--npz	/pscratch/sd/j/josephrb/MINERvA-OmniFold/nd-unfolding/of_inputs_5d.npz	--seed	57	--estimator-seed	42	--out	/pscratch/sd/j/josephrb/s5c-20260924/runs/construction/boot/res_boot_57.npz
boot_58	s5c_with_estimator.py	--config	deterministic	--threads	32	--evidence	/pscratch/sd/j/josephrb/s5c-20260924/runs/construction/boot/ev_boot_58.json	--	nd-unfolding/bootstrap_nd.py	--npz	/pscratch/sd/j/josephrb/MINERvA-OmniFold/nd-unfolding/of_inputs_5d.npz	--seed	58	--estimator-seed	42	--out	/pscratch/sd/j/josephrb/s5c-20260924/runs/construction/boot/res_boot_58.npz
boot_59	s5c_with_estimator.py	--config	deterministic	--threads	32	--evidence	/pscratch/sd/j/josephrb/s5c-20260924/runs/construction/boot/ev_boot_59.json	--	nd-unfolding/bootstrap_nd.py	--npz	/pscratch/sd/j/josephrb/MINERvA-OmniFold/nd-unfolding/of_inputs_5d.npz	--seed	59	--estimator-seed	42	--out	/pscratch/sd/j/josephrb/s5c-20260924/runs/construction/boot/res_boot_59.npz
boot_60	s5c_with_estimator.py	--config	deterministic	--threads	32	--evidence	/pscratch/sd/j/josephrb/s5c-20260924/runs/construction/boot/ev_boot_60.json	--	nd-unfolding/bootstrap_nd.py	--npz	/pscratch/sd/j/josephrb/MINERvA-OmniFold/nd-unfolding/of_inputs_5d.npz	--seed	60	--estimator-seed	42	--out	/pscratch/sd/j/josephrb/s5c-20260924/runs/construction/boot/res_boot_60.npz
boot_61	s5c_with_estimator.py	--config	deterministic	--threads	32	--evidence	/pscratch/sd/j/josephrb/s5c-20260924/runs/construction/boot/ev_boot_61.json	--	nd-unfolding/bootstrap_nd.py	--npz	/pscratch/sd/j/josephrb/MINERvA-OmniFold/nd-unfolding/of_inputs_5d.npz	--seed	61	--estimator-seed	42	--out	/pscratch/sd/j/josephrb/s5c-20260924/runs/construction/boot/res_boot_61.npz
boot_62	s5c_with_estimator.py	--config	deterministic	--threads	32	--evidence	/pscratch/sd/j/josephrb/s5c-20260924/runs/construction/boot/ev_boot_62.json	--	nd-unfolding/bootstrap_nd.py	--npz	/pscratch/sd/j/josephrb/MINERvA-OmniFold/nd-unfolding/of_inputs_5d.npz	--seed	62	--estimator-seed	42	--out	/pscratch/sd/j/josephrb/s5c-20260924/runs/construction/boot/res_boot_62.npz
boot_63	s5c_with_estimator.py	--config	deterministic	--threads	32	--evidence	/pscratch/sd/j/josephrb/s5c-20260924/runs/construction/boot/ev_boot_63.json	--	nd-unfolding/bootstrap_nd.py	--npz	/pscratch/sd/j/josephrb/MINERvA-OmniFold/nd-unfolding/of_inputs_5d.npz	--seed	63	--estimator-seed	42	--out	/pscratch/sd/j/josephrb/s5c-20260924/runs/construction/boot/res_boot_63.npz
boot_64	s5c_with_estimator.py	--config	deterministic	--threads	32	--evidence	/pscratch/sd/j/josephrb/s5c-20260924/runs/construction/boot/ev_boot_64.json	--	nd-unfolding/bootstrap_nd.py	--npz	/pscratch/sd/j/josephrb/MINERvA-OmniFold/nd-unfolding/of_inputs_5d.npz	--seed	64	--estimator-seed	42	--out	/pscratch/sd/j/josephrb/s5c-20260924/runs/construction/boot/res_boot_64.npz
boot_65	s5c_with_estimator.py	--config	deterministic	--threads	32	--evidence	/pscratch/sd/j/josephrb/s5c-20260924/runs/construction/boot/ev_boot_65.json	--	nd-unfolding/bootstrap_nd.py	--npz	/pscratch/sd/j/josephrb/MINERvA-OmniFold/nd-unfolding/of_inputs_5d.npz	--seed	65	--estimator-seed	42	--out	/pscratch/sd/j/josephrb/s5c-20260924/runs/construction/boot/res_boot_65.npz
boot_66	s5c_with_estimator.py	--config	deterministic	--threads	32	--evidence	/pscratch/sd/j/josephrb/s5c-20260924/runs/construction/boot/ev_boot_66.json	--	nd-unfolding/bootstrap_nd.py	--npz	/pscratch/sd/j/josephrb/MINERvA-OmniFold/nd-unfolding/of_inputs_5d.npz	--seed	66	--estimator-seed	42	--out	/pscratch/sd/j/josephrb/s5c-20260924/runs/construction/boot/res_boot_66.npz
boot_67	s5c_with_estimator.py	--config	deterministic	--threads	32	--evidence	/pscratch/sd/j/josephrb/s5c-20260924/runs/construction/boot/ev_boot_67.json	--	nd-unfolding/bootstrap_nd.py	--npz	/pscratch/sd/j/josephrb/MINERvA-OmniFold/nd-unfolding/of_inputs_5d.npz	--seed	67	--estimator-seed	42	--out	/pscratch/sd/j/josephrb/s5c-20260924/runs/construction/boot/res_boot_67.npz
boot_68	s5c_with_estimator.py	--config	deterministic	--threads	32	--evidence	/pscratch/sd/j/josephrb/s5c-20260924/runs/construction/boot/ev_boot_68.json	--	nd-unfolding/bootstrap_nd.py	--npz	/pscratch/sd/j/josephrb/MINERvA-OmniFold/nd-unfolding/of_inputs_5d.npz	--seed	68	--estimator-seed	42	--out	/pscratch/sd/j/josephrb/s5c-20260924/runs/construction/boot/res_boot_68.npz
boot_69	s5c_with_estimator.py	--config	deterministic	--threads	32	--evidence	/pscratch/sd/j/josephrb/s5c-20260924/runs/construction/boot/ev_boot_69.json	--	nd-unfolding/bootstrap_nd.py	--npz	/pscratch/sd/j/josephrb/MINERvA-OmniFold/nd-unfolding/of_inputs_5d.npz	--seed	69	--estimator-seed	42	--out	/pscratch/sd/j/josephrb/s5c-20260924/runs/construction/boot/res_boot_69.npz
boot_70	s5c_with_estimator.py	--config	deterministic	--threads	32	--evidence	/pscratch/sd/j/josephrb/s5c-20260924/runs/construction/boot/ev_boot_70.json	--	nd-unfolding/bootstrap_nd.py	--npz	/pscratch/sd/j/josephrb/MINERvA-OmniFold/nd-unfolding/of_inputs_5d.npz	--seed	70	--estimator-seed	42	--out	/pscratch/sd/j/josephrb/s5c-20260924/runs/construction/boot/res_boot_70.npz
boot_71	s5c_with_estimator.py	--config	deterministic	--threads	32	--evidence	/pscratch/sd/j/josephrb/s5c-20260924/runs/construction/boot/ev_boot_71.json	--	nd-unfolding/bootstrap_nd.py	--npz	/pscratch/sd/j/josephrb/MINERvA-OmniFold/nd-unfolding/of_inputs_5d.npz	--seed	71	--estimator-seed	42	--out	/pscratch/sd/j/josephrb/s5c-20260924/runs/construction/boot/res_boot_71.npz
boot_72	s5c_with_estimator.py	--config	deterministic	--threads	32	--evidence	/pscratch/sd/j/josephrb/s5c-20260924/runs/construction/boot/ev_boot_72.json	--	nd-unfolding/bootstrap_nd.py	--npz	/pscratch/sd/j/josephrb/MINERvA-OmniFold/nd-unfolding/of_inputs_5d.npz	--seed	72	--estimator-seed	42	--out	/pscratch/sd/j/josephrb/s5c-20260924/runs/construction/boot/res_boot_72.npz
boot_73	s5c_with_estimator.py	--config	deterministic	--threads	32	--evidence	/pscratch/sd/j/josephrb/s5c-20260924/runs/construction/boot/ev_boot_73.json	--	nd-unfolding/bootstrap_nd.py	--npz	/pscratch/sd/j/josephrb/MINERvA-OmniFold/nd-unfolding/of_inputs_5d.npz	--seed	73	--estimator-seed	42	--out	/pscratch/sd/j/josephrb/s5c-20260924/runs/construction/boot/res_boot_73.npz
boot_74	s5c_with_estimator.py	--config	deterministic	--threads	32	--evidence	/pscratch/sd/j/josephrb/s5c-20260924/runs/construction/boot/ev_boot_74.json	--	nd-unfolding/bootstrap_nd.py	--npz	/pscratch/sd/j/josephrb/MINERvA-OmniFold/nd-unfolding/of_inputs_5d.npz	--seed	74	--estimator-seed	42	--out	/pscratch/sd/j/josephrb/s5c-20260924/runs/construction/boot/res_boot_74.npz
boot_75	s5c_with_estimator.py	--config	deterministic	--threads	32	--evidence	/pscratch/sd/j/josephrb/s5c-20260924/runs/construction/boot/ev_boot_75.json	--	nd-unfolding/bootstrap_nd.py	--npz	/pscratch/sd/j/josephrb/MINERvA-OmniFold/nd-unfolding/of_inputs_5d.npz	--seed	75	--estimator-seed	42	--out	/pscratch/sd/j/josephrb/s5c-20260924/runs/construction/boot/res_boot_75.npz
boot_76	s5c_with_estimator.py	--config	deterministic	--threads	32	--evidence	/pscratch/sd/j/josephrb/s5c-20260924/runs/construction/boot/ev_boot_76.json	--	nd-unfolding/bootstrap_nd.py	--npz	/pscratch/sd/j/josephrb/MINERvA-OmniFold/nd-unfolding/of_inputs_5d.npz	--seed	76	--estimator-seed	42	--out	/pscratch/sd/j/josephrb/s5c-20260924/runs/construction/boot/res_boot_76.npz
boot_77	s5c_with_estimator.py	--config	deterministic	--threads	32	--evidence	/pscratch/sd/j/josephrb/s5c-20260924/runs/construction/boot/ev_boot_77.json	--	nd-unfolding/bootstrap_nd.py	--npz	/pscratch/sd/j/josephrb/MINERvA-OmniFold/nd-unfolding/of_inputs_5d.npz	--seed	77	--estimator-seed	42	--out	/pscratch/sd/j/josephrb/s5c-20260924/runs/construction/boot/res_boot_77.npz
boot_78	s5c_with_estimator.py	--config	deterministic	--threads	32	--evidence	/pscratch/sd/j/josephrb/s5c-20260924/runs/construction/boot/ev_boot_78.json	--	nd-unfolding/bootstrap_nd.py	--npz	/pscratch/sd/j/josephrb/MINERvA-OmniFold/nd-unfolding/of_inputs_5d.npz	--seed	78	--estimator-seed	42	--out	/pscratch/sd/j/josephrb/s5c-20260924/runs/construction/boot/res_boot_78.npz
boot_79	s5c_with_estimator.py	--config	deterministic	--threads	32	--evidence	/pscratch/sd/j/josephrb/s5c-20260924/runs/construction/boot/ev_boot_79.json	--	nd-unfolding/bootstrap_nd.py	--npz	/pscratch/sd/j/josephrb/MINERvA-OmniFold/nd-unfolding/of_inputs_5d.npz	--seed	79	--estimator-seed	42	--out	/pscratch/sd/j/josephrb/s5c-20260924/runs/construction/boot/res_boot_79.npz
boot_80	s5c_with_estimator.py	--config	deterministic	--threads	32	--evidence	/pscratch/sd/j/josephrb/s5c-20260924/runs/construction/boot/ev_boot_80.json	--	nd-unfolding/bootstrap_nd.py	--npz	/pscratch/sd/j/josephrb/MINERvA-OmniFold/nd-unfolding/of_inputs_5d.npz	--seed	80	--estimator-seed	42	--out	/pscratch/sd/j/josephrb/s5c-20260924/runs/construction/boot/res_boot_80.npz
boot_81	s5c_with_estimator.py	--config	deterministic	--threads	32	--evidence	/pscratch/sd/j/josephrb/s5c-20260924/runs/construction/boot/ev_boot_81.json	--	nd-unfolding/bootstrap_nd.py	--npz	/pscratch/sd/j/josephrb/MINERvA-OmniFold/nd-unfolding/of_inputs_5d.npz	--seed	81	--estimator-seed	42	--out	/pscratch/sd/j/josephrb/s5c-20260924/runs/construction/boot/res_boot_81.npz
boot_82	s5c_with_estimator.py	--config	deterministic	--threads	32	--evidence	/pscratch/sd/j/josephrb/s5c-20260924/runs/construction/boot/ev_boot_82.json	--	nd-unfolding/bootstrap_nd.py	--npz	/pscratch/sd/j/josephrb/MINERvA-OmniFold/nd-unfolding/of_inputs_5d.npz	--seed	82	--estimator-seed	42	--out	/pscratch/sd/j/josephrb/s5c-20260924/runs/construction/boot/res_boot_82.npz
boot_83	s5c_with_estimator.py	--config	deterministic	--threads	32	--evidence	/pscratch/sd/j/josephrb/s5c-20260924/runs/construction/boot/ev_boot_83.json	--	nd-unfolding/bootstrap_nd.py	--npz	/pscratch/sd/j/josephrb/MINERvA-OmniFold/nd-unfolding/of_inputs_5d.npz	--seed	83	--estimator-seed	42	--out	/pscratch/sd/j/josephrb/s5c-20260924/runs/construction/boot/res_boot_83.npz
boot_84	s5c_with_estimator.py	--config	deterministic	--threads	32	--evidence	/pscratch/sd/j/josephrb/s5c-20260924/runs/construction/boot/ev_boot_84.json	--	nd-unfolding/bootstrap_nd.py	--npz	/pscratch/sd/j/josephrb/MINERvA-OmniFold/nd-unfolding/of_inputs_5d.npz	--seed	84	--estimator-seed	42	--out	/pscratch/sd/j/josephrb/s5c-20260924/runs/construction/boot/res_boot_84.npz
boot_85	s5c_with_estimator.py	--config	deterministic	--threads	32	--evidence	/pscratch/sd/j/josephrb/s5c-20260924/runs/construction/boot/ev_boot_85.json	--	nd-unfolding/bootstrap_nd.py	--npz	/pscratch/sd/j/josephrb/MINERvA-OmniFold/nd-unfolding/of_inputs_5d.npz	--seed	85	--estimator-seed	42	--out	/pscratch/sd/j/josephrb/s5c-20260924/runs/construction/boot/res_boot_85.npz
boot_86	s5c_with_estimator.py	--config	deterministic	--threads	32	--evidence	/pscratch/sd/j/josephrb/s5c-20260924/runs/construction/boot/ev_boot_86.json	--	nd-unfolding/bootstrap_nd.py	--npz	/pscratch/sd/j/josephrb/MINERvA-OmniFold/nd-unfolding/of_inputs_5d.npz	--seed	86	--estimator-seed	42	--out	/pscratch/sd/j/josephrb/s5c-20260924/runs/construction/boot/res_boot_86.npz
boot_87	s5c_with_estimator.py	--config	deterministic	--threads	32	--evidence	/pscratch/sd/j/josephrb/s5c-20260924/runs/construction/boot/ev_boot_87.json	--	nd-unfolding/bootstrap_nd.py	--npz	/pscratch/sd/j/josephrb/MINERvA-OmniFold/nd-unfolding/of_inputs_5d.npz	--seed	87	--estimator-seed	42	--out	/pscratch/sd/j/josephrb/s5c-20260924/runs/construction/boot/res_boot_87.npz
boot_88	s5c_with_estimator.py	--config	deterministic	--threads	32	--evidence	/pscratch/sd/j/josephrb/s5c-20260924/runs/construction/boot/ev_boot_88.json	--	nd-unfolding/bootstrap_nd.py	--npz	/pscratch/sd/j/josephrb/MINERvA-OmniFold/nd-unfolding/of_inputs_5d.npz	--seed	88	--estimator-seed	42	--out	/pscratch/sd/j/josephrb/s5c-20260924/runs/construction/boot/res_boot_88.npz
boot_89	s5c_with_estimator.py	--config	deterministic	--threads	32	--evidence	/pscratch/sd/j/josephrb/s5c-20260924/runs/construction/boot/ev_boot_89.json	--	nd-unfolding/bootstrap_nd.py	--npz	/pscratch/sd/j/josephrb/MINERvA-OmniFold/nd-unfolding/of_inputs_5d.npz	--seed	89	--estimator-seed	42	--out	/pscratch/sd/j/josephrb/s5c-20260924/runs/construction/boot/res_boot_89.npz
boot_90	s5c_with_estimator.py	--config	deterministic	--threads	32	--evidence	/pscratch/sd/j/josephrb/s5c-20260924/runs/construction/boot/ev_boot_90.json	--	nd-unfolding/bootstrap_nd.py	--npz	/pscratch/sd/j/josephrb/MINERvA-OmniFold/nd-unfolding/of_inputs_5d.npz	--seed	90	--estimator-seed	42	--out	/pscratch/sd/j/josephrb/s5c-20260924/runs/construction/boot/res_boot_90.npz
boot_91	s5c_with_estimator.py	--config	deterministic	--threads	32	--evidence	/pscratch/sd/j/josephrb/s5c-20260924/runs/construction/boot/ev_boot_91.json	--	nd-unfolding/bootstrap_nd.py	--npz	/pscratch/sd/j/josephrb/MINERvA-OmniFold/nd-unfolding/of_inputs_5d.npz	--seed	91	--estimator-seed	42	--out	/pscratch/sd/j/josephrb/s5c-20260924/runs/construction/boot/res_boot_91.npz
boot_92	s5c_with_estimator.py	--config	deterministic	--threads	32	--evidence	/pscratch/sd/j/josephrb/s5c-20260924/runs/construction/boot/ev_boot_92.json	--	nd-unfolding/bootstrap_nd.py	--npz	/pscratch/sd/j/josephrb/MINERvA-OmniFold/nd-unfolding/of_inputs_5d.npz	--seed	92	--estimator-seed	42	--out	/pscratch/sd/j/josephrb/s5c-20260924/runs/construction/boot/res_boot_92.npz
boot_93	s5c_with_estimator.py	--config	deterministic	--threads	32	--evidence	/pscratch/sd/j/josephrb/s5c-20260924/runs/construction/boot/ev_boot_93.json	--	nd-unfolding/bootstrap_nd.py	--npz	/pscratch/sd/j/josephrb/MINERvA-OmniFold/nd-unfolding/of_inputs_5d.npz	--seed	93	--estimator-seed	42	--out	/pscratch/sd/j/josephrb/s5c-20260924/runs/construction/boot/res_boot_93.npz
boot_94	s5c_with_estimator.py	--config	deterministic	--threads	32	--evidence	/pscratch/sd/j/josephrb/s5c-20260924/runs/construction/boot/ev_boot_94.json	--	nd-unfolding/bootstrap_nd.py	--npz	/pscratch/sd/j/josephrb/MINERvA-OmniFold/nd-unfolding/of_inputs_5d.npz	--seed	94	--estimator-seed	42	--out	/pscratch/sd/j/josephrb/s5c-20260924/runs/construction/boot/res_boot_94.npz
boot_95	s5c_with_estimator.py	--config	deterministic	--threads	32	--evidence	/pscratch/sd/j/josephrb/s5c-20260924/runs/construction/boot/ev_boot_95.json	--	nd-unfolding/bootstrap_nd.py	--npz	/pscratch/sd/j/josephrb/MINERvA-OmniFold/nd-unfolding/of_inputs_5d.npz	--seed	95	--estimator-seed	42	--out	/pscratch/sd/j/josephrb/s5c-20260924/runs/construction/boot/res_boot_95.npz
boot_96	s5c_with_estimator.py	--config	deterministic	--threads	32	--evidence	/pscratch/sd/j/josephrb/s5c-20260924/runs/construction/boot/ev_boot_96.json	--	nd-unfolding/bootstrap_nd.py	--npz	/pscratch/sd/j/josephrb/MINERvA-OmniFold/nd-unfolding/of_inputs_5d.npz	--seed	96	--estimator-seed	42	--out	/pscratch/sd/j/josephrb/s5c-20260924/runs/construction/boot/res_boot_96.npz
boot_97	s5c_with_estimator.py	--config	deterministic	--threads	32	--evidence	/pscratch/sd/j/josephrb/s5c-20260924/runs/construction/boot/ev_boot_97.json	--	nd-unfolding/bootstrap_nd.py	--npz	/pscratch/sd/j/josephrb/MINERvA-OmniFold/nd-unfolding/of_inputs_5d.npz	--seed	97	--estimator-seed	42	--out	/pscratch/sd/j/josephrb/s5c-20260924/runs/construction/boot/res_boot_97.npz
boot_98	s5c_with_estimator.py	--config	deterministic	--threads	32	--evidence	/pscratch/sd/j/josephrb/s5c-20260924/runs/construction/boot/ev_boot_98.json	--	nd-unfolding/bootstrap_nd.py	--npz	/pscratch/sd/j/josephrb/MINERvA-OmniFold/nd-unfolding/of_inputs_5d.npz	--seed	98	--estimator-seed	42	--out	/pscratch/sd/j/josephrb/s5c-20260924/runs/construction/boot/res_boot_98.npz
boot_99	s5c_with_estimator.py	--config	deterministic	--threads	32	--evidence	/pscratch/sd/j/josephrb/s5c-20260924/runs/construction/boot/ev_boot_99.json	--	nd-unfolding/bootstrap_nd.py	--npz	/pscratch/sd/j/josephrb/MINERvA-OmniFold/nd-unfolding/of_inputs_5d.npz	--seed	99	--estimator-seed	42	--out	/pscratch/sd/j/josephrb/s5c-20260924/runs/construction/boot/res_boot_99.npz
boot_100	s5c_with_estimator.py	--config	deterministic	--threads	32	--evidence	/pscratch/sd/j/josephrb/s5c-20260924/runs/construction/boot/ev_boot_100.json	--	nd-unfolding/bootstrap_nd.py	--npz	/pscratch/sd/j/josephrb/MINERvA-OmniFold/nd-unfolding/of_inputs_5d.npz	--seed	100	--estimator-seed	42	--out	/pscratch/sd/j/josephrb/s5c-20260924/runs/construction/boot/res_boot_100.npz
