# s5p production: calibration batch 1 of GENIE_2_12_10_CV, seeds 1220200-1220399
cal-GENIE_2_12_10_CV-b1_0	s5p_nullexp.py	--npz	/pscratch/sd/j/josephrb/MINERvA-OmniFold/nd-unfolding/of_inputs_5d.npz	--bkg	/pscratch/sd/j/josephrb/s5c-20260924/runs/p2/bkg_dump.npz	--bank	/pscratch/sd/j/josephrb/MINERvA-OmniFold/nd-unfolding/bank_sweep_5d_bkgaware	--expect-npz-sha256	07fccc1abc7204bc29349b4ba96850986fe91e909e83fc54e8d1a6b3922a649f	--expect-bkg-sha256	2addac8f26055c5ed69862e7afe29e12ac51dbe23a8d6eeed79d71bec9d82955	--detector-dir	/pscratch/sd/j/josephrb/s5p-20260926/bank_detector	--config	R	--iters	5	--threads	32	--hypothesis	docs/orchestration/state/s5p/ratios/nullsF/null-genie_cv-F.json	--pseudo-seeds	1220200:1220205	--tag	cal_GENIE_2_12_10_CV	--out	/pscratch/sd/j/josephrb/s5p-20260926/runs/prod/cal/GENIE_2_12_10_CV
cal-GENIE_2_12_10_CV-b1_1	s5p_nullexp.py	--npz	/pscratch/sd/j/josephrb/MINERvA-OmniFold/nd-unfolding/of_inputs_5d.npz	--bkg	/pscratch/sd/j/josephrb/s5c-20260924/runs/p2/bkg_dump.npz	--bank	/pscratch/sd/j/josephrb/MINERvA-OmniFold/nd-unfolding/bank_sweep_5d_bkgaware	--expect-npz-sha256	07fccc1abc7204bc29349b4ba96850986fe91e909e83fc54e8d1a6b3922a649f	--expect-bkg-sha256	2addac8f26055c5ed69862e7afe29e12ac51dbe23a8d6eeed79d71bec9d82955	--detector-dir	/pscratch/sd/j/josephrb/s5p-20260926/bank_detector	--config	R	--iters	5	--threads	32	--hypothesis	docs/orchestration/state/s5p/ratios/nullsF/null-genie_cv-F.json	--pseudo-seeds	1220206:1220211	--tag	cal_GENIE_2_12_10_CV	--out	/pscratch/sd/j/josephrb/s5p-20260926/runs/prod/cal/GENIE_2_12_10_CV
cal-GENIE_2_12_10_CV-b1_2	s5p_nullexp.py	--npz	/pscratch/sd/j/josephrb/MINERvA-OmniFold/nd-unfolding/of_inputs_5d.npz	--bkg	/pscratch/sd/j/josephrb/s5c-20260924/runs/p2/bkg_dump.npz	--bank	/pscratch/sd/j/josephrb/MINERvA-OmniFold/nd-unfolding/bank_sweep_5d_bkgaware	--expect-npz-sha256	07fccc1abc7204bc29349b4ba96850986fe91e909e83fc54e8d1a6b3922a649f	--expect-bkg-sha256	2addac8f26055c5ed69862e7afe29e12ac51dbe23a8d6eeed79d71bec9d82955	--detector-dir	/pscratch/sd/j/josephrb/s5p-20260926/bank_detector	--config	R	--iters	5	--threads	32	--hypothesis	docs/orchestration/state/s5p/ratios/nullsF/null-genie_cv-F.json	--pseudo-seeds	1220212:1220217	--tag	cal_GENIE_2_12_10_CV	--out	/pscratch/sd/j/josephrb/s5p-20260926/runs/prod/cal/GENIE_2_12_10_CV
cal-GENIE_2_12_10_CV-b1_3	s5p_nullexp.py	--npz	/pscratch/sd/j/josephrb/MINERvA-OmniFold/nd-unfolding/of_inputs_5d.npz	--bkg	/pscratch/sd/j/josephrb/s5c-20260924/runs/p2/bkg_dump.npz	--bank	/pscratch/sd/j/josephrb/MINERvA-OmniFold/nd-unfolding/bank_sweep_5d_bkgaware	--expect-npz-sha256	07fccc1abc7204bc29349b4ba96850986fe91e909e83fc54e8d1a6b3922a649f	--expect-bkg-sha256	2addac8f26055c5ed69862e7afe29e12ac51dbe23a8d6eeed79d71bec9d82955	--detector-dir	/pscratch/sd/j/josephrb/s5p-20260926/bank_detector	--config	R	--iters	5	--threads	32	--hypothesis	docs/orchestration/state/s5p/ratios/nullsF/null-genie_cv-F.json	--pseudo-seeds	1220218:1220223	--tag	cal_GENIE_2_12_10_CV	--out	/pscratch/sd/j/josephrb/s5p-20260926/runs/prod/cal/GENIE_2_12_10_CV
cal-GENIE_2_12_10_CV-b1_4	s5p_nullexp.py	--npz	/pscratch/sd/j/josephrb/MINERvA-OmniFold/nd-unfolding/of_inputs_5d.npz	--bkg	/pscratch/sd/j/josephrb/s5c-20260924/runs/p2/bkg_dump.npz	--bank	/pscratch/sd/j/josephrb/MINERvA-OmniFold/nd-unfolding/bank_sweep_5d_bkgaware	--expect-npz-sha256	07fccc1abc7204bc29349b4ba96850986fe91e909e83fc54e8d1a6b3922a649f	--expect-bkg-sha256	2addac8f26055c5ed69862e7afe29e12ac51dbe23a8d6eeed79d71bec9d82955	--detector-dir	/pscratch/sd/j/josephrb/s5p-20260926/bank_detector	--config	R	--iters	5	--threads	32	--hypothesis	docs/orchestration/state/s5p/ratios/nullsF/null-genie_cv-F.json	--pseudo-seeds	1220224:1220229	--tag	cal_GENIE_2_12_10_CV	--out	/pscratch/sd/j/josephrb/s5p-20260926/runs/prod/cal/GENIE_2_12_10_CV
cal-GENIE_2_12_10_CV-b1_5	s5p_nullexp.py	--npz	/pscratch/sd/j/josephrb/MINERvA-OmniFold/nd-unfolding/of_inputs_5d.npz	--bkg	/pscratch/sd/j/josephrb/s5c-20260924/runs/p2/bkg_dump.npz	--bank	/pscratch/sd/j/josephrb/MINERvA-OmniFold/nd-unfolding/bank_sweep_5d_bkgaware	--expect-npz-sha256	07fccc1abc7204bc29349b4ba96850986fe91e909e83fc54e8d1a6b3922a649f	--expect-bkg-sha256	2addac8f26055c5ed69862e7afe29e12ac51dbe23a8d6eeed79d71bec9d82955	--detector-dir	/pscratch/sd/j/josephrb/s5p-20260926/bank_detector	--config	R	--iters	5	--threads	32	--hypothesis	docs/orchestration/state/s5p/ratios/nullsF/null-genie_cv-F.json	--pseudo-seeds	1220230:1220235	--tag	cal_GENIE_2_12_10_CV	--out	/pscratch/sd/j/josephrb/s5p-20260926/runs/prod/cal/GENIE_2_12_10_CV
cal-GENIE_2_12_10_CV-b1_6	s5p_nullexp.py	--npz	/pscratch/sd/j/josephrb/MINERvA-OmniFold/nd-unfolding/of_inputs_5d.npz	--bkg	/pscratch/sd/j/josephrb/s5c-20260924/runs/p2/bkg_dump.npz	--bank	/pscratch/sd/j/josephrb/MINERvA-OmniFold/nd-unfolding/bank_sweep_5d_bkgaware	--expect-npz-sha256	07fccc1abc7204bc29349b4ba96850986fe91e909e83fc54e8d1a6b3922a649f	--expect-bkg-sha256	2addac8f26055c5ed69862e7afe29e12ac51dbe23a8d6eeed79d71bec9d82955	--detector-dir	/pscratch/sd/j/josephrb/s5p-20260926/bank_detector	--config	R	--iters	5	--threads	32	--hypothesis	docs/orchestration/state/s5p/ratios/nullsF/null-genie_cv-F.json	--pseudo-seeds	1220236:1220241	--tag	cal_GENIE_2_12_10_CV	--out	/pscratch/sd/j/josephrb/s5p-20260926/runs/prod/cal/GENIE_2_12_10_CV
cal-GENIE_2_12_10_CV-b1_7	s5p_nullexp.py	--npz	/pscratch/sd/j/josephrb/MINERvA-OmniFold/nd-unfolding/of_inputs_5d.npz	--bkg	/pscratch/sd/j/josephrb/s5c-20260924/runs/p2/bkg_dump.npz	--bank	/pscratch/sd/j/josephrb/MINERvA-OmniFold/nd-unfolding/bank_sweep_5d_bkgaware	--expect-npz-sha256	07fccc1abc7204bc29349b4ba96850986fe91e909e83fc54e8d1a6b3922a649f	--expect-bkg-sha256	2addac8f26055c5ed69862e7afe29e12ac51dbe23a8d6eeed79d71bec9d82955	--detector-dir	/pscratch/sd/j/josephrb/s5p-20260926/bank_detector	--config	R	--iters	5	--threads	32	--hypothesis	docs/orchestration/state/s5p/ratios/nullsF/null-genie_cv-F.json	--pseudo-seeds	1220242:1220247	--tag	cal_GENIE_2_12_10_CV	--out	/pscratch/sd/j/josephrb/s5p-20260926/runs/prod/cal/GENIE_2_12_10_CV
cal-GENIE_2_12_10_CV-b1_8	s5p_nullexp.py	--npz	/pscratch/sd/j/josephrb/MINERvA-OmniFold/nd-unfolding/of_inputs_5d.npz	--bkg	/pscratch/sd/j/josephrb/s5c-20260924/runs/p2/bkg_dump.npz	--bank	/pscratch/sd/j/josephrb/MINERvA-OmniFold/nd-unfolding/bank_sweep_5d_bkgaware	--expect-npz-sha256	07fccc1abc7204bc29349b4ba96850986fe91e909e83fc54e8d1a6b3922a649f	--expect-bkg-sha256	2addac8f26055c5ed69862e7afe29e12ac51dbe23a8d6eeed79d71bec9d82955	--detector-dir	/pscratch/sd/j/josephrb/s5p-20260926/bank_detector	--config	R	--iters	5	--threads	32	--hypothesis	docs/orchestration/state/s5p/ratios/nullsF/null-genie_cv-F.json	--pseudo-seeds	1220248:1220253	--tag	cal_GENIE_2_12_10_CV	--out	/pscratch/sd/j/josephrb/s5p-20260926/runs/prod/cal/GENIE_2_12_10_CV
cal-GENIE_2_12_10_CV-b1_9	s5p_nullexp.py	--npz	/pscratch/sd/j/josephrb/MINERvA-OmniFold/nd-unfolding/of_inputs_5d.npz	--bkg	/pscratch/sd/j/josephrb/s5c-20260924/runs/p2/bkg_dump.npz	--bank	/pscratch/sd/j/josephrb/MINERvA-OmniFold/nd-unfolding/bank_sweep_5d_bkgaware	--expect-npz-sha256	07fccc1abc7204bc29349b4ba96850986fe91e909e83fc54e8d1a6b3922a649f	--expect-bkg-sha256	2addac8f26055c5ed69862e7afe29e12ac51dbe23a8d6eeed79d71bec9d82955	--detector-dir	/pscratch/sd/j/josephrb/s5p-20260926/bank_detector	--config	R	--iters	5	--threads	32	--hypothesis	docs/orchestration/state/s5p/ratios/nullsF/null-genie_cv-F.json	--pseudo-seeds	1220254:1220259	--tag	cal_GENIE_2_12_10_CV	--out	/pscratch/sd/j/josephrb/s5p-20260926/runs/prod/cal/GENIE_2_12_10_CV
cal-GENIE_2_12_10_CV-b1_10	s5p_nullexp.py	--npz	/pscratch/sd/j/josephrb/MINERvA-OmniFold/nd-unfolding/of_inputs_5d.npz	--bkg	/pscratch/sd/j/josephrb/s5c-20260924/runs/p2/bkg_dump.npz	--bank	/pscratch/sd/j/josephrb/MINERvA-OmniFold/nd-unfolding/bank_sweep_5d_bkgaware	--expect-npz-sha256	07fccc1abc7204bc29349b4ba96850986fe91e909e83fc54e8d1a6b3922a649f	--expect-bkg-sha256	2addac8f26055c5ed69862e7afe29e12ac51dbe23a8d6eeed79d71bec9d82955	--detector-dir	/pscratch/sd/j/josephrb/s5p-20260926/bank_detector	--config	R	--iters	5	--threads	32	--hypothesis	docs/orchestration/state/s5p/ratios/nullsF/null-genie_cv-F.json	--pseudo-seeds	1220260:1220265	--tag	cal_GENIE_2_12_10_CV	--out	/pscratch/sd/j/josephrb/s5p-20260926/runs/prod/cal/GENIE_2_12_10_CV
cal-GENIE_2_12_10_CV-b1_11	s5p_nullexp.py	--npz	/pscratch/sd/j/josephrb/MINERvA-OmniFold/nd-unfolding/of_inputs_5d.npz	--bkg	/pscratch/sd/j/josephrb/s5c-20260924/runs/p2/bkg_dump.npz	--bank	/pscratch/sd/j/josephrb/MINERvA-OmniFold/nd-unfolding/bank_sweep_5d_bkgaware	--expect-npz-sha256	07fccc1abc7204bc29349b4ba96850986fe91e909e83fc54e8d1a6b3922a649f	--expect-bkg-sha256	2addac8f26055c5ed69862e7afe29e12ac51dbe23a8d6eeed79d71bec9d82955	--detector-dir	/pscratch/sd/j/josephrb/s5p-20260926/bank_detector	--config	R	--iters	5	--threads	32	--hypothesis	docs/orchestration/state/s5p/ratios/nullsF/null-genie_cv-F.json	--pseudo-seeds	1220266:1220271	--tag	cal_GENIE_2_12_10_CV	--out	/pscratch/sd/j/josephrb/s5p-20260926/runs/prod/cal/GENIE_2_12_10_CV
cal-GENIE_2_12_10_CV-b1_12	s5p_nullexp.py	--npz	/pscratch/sd/j/josephrb/MINERvA-OmniFold/nd-unfolding/of_inputs_5d.npz	--bkg	/pscratch/sd/j/josephrb/s5c-20260924/runs/p2/bkg_dump.npz	--bank	/pscratch/sd/j/josephrb/MINERvA-OmniFold/nd-unfolding/bank_sweep_5d_bkgaware	--expect-npz-sha256	07fccc1abc7204bc29349b4ba96850986fe91e909e83fc54e8d1a6b3922a649f	--expect-bkg-sha256	2addac8f26055c5ed69862e7afe29e12ac51dbe23a8d6eeed79d71bec9d82955	--detector-dir	/pscratch/sd/j/josephrb/s5p-20260926/bank_detector	--config	R	--iters	5	--threads	32	--hypothesis	docs/orchestration/state/s5p/ratios/nullsF/null-genie_cv-F.json	--pseudo-seeds	1220272:1220277	--tag	cal_GENIE_2_12_10_CV	--out	/pscratch/sd/j/josephrb/s5p-20260926/runs/prod/cal/GENIE_2_12_10_CV
cal-GENIE_2_12_10_CV-b1_13	s5p_nullexp.py	--npz	/pscratch/sd/j/josephrb/MINERvA-OmniFold/nd-unfolding/of_inputs_5d.npz	--bkg	/pscratch/sd/j/josephrb/s5c-20260924/runs/p2/bkg_dump.npz	--bank	/pscratch/sd/j/josephrb/MINERvA-OmniFold/nd-unfolding/bank_sweep_5d_bkgaware	--expect-npz-sha256	07fccc1abc7204bc29349b4ba96850986fe91e909e83fc54e8d1a6b3922a649f	--expect-bkg-sha256	2addac8f26055c5ed69862e7afe29e12ac51dbe23a8d6eeed79d71bec9d82955	--detector-dir	/pscratch/sd/j/josephrb/s5p-20260926/bank_detector	--config	R	--iters	5	--threads	32	--hypothesis	docs/orchestration/state/s5p/ratios/nullsF/null-genie_cv-F.json	--pseudo-seeds	1220278:1220283	--tag	cal_GENIE_2_12_10_CV	--out	/pscratch/sd/j/josephrb/s5p-20260926/runs/prod/cal/GENIE_2_12_10_CV
cal-GENIE_2_12_10_CV-b1_14	s5p_nullexp.py	--npz	/pscratch/sd/j/josephrb/MINERvA-OmniFold/nd-unfolding/of_inputs_5d.npz	--bkg	/pscratch/sd/j/josephrb/s5c-20260924/runs/p2/bkg_dump.npz	--bank	/pscratch/sd/j/josephrb/MINERvA-OmniFold/nd-unfolding/bank_sweep_5d_bkgaware	--expect-npz-sha256	07fccc1abc7204bc29349b4ba96850986fe91e909e83fc54e8d1a6b3922a649f	--expect-bkg-sha256	2addac8f26055c5ed69862e7afe29e12ac51dbe23a8d6eeed79d71bec9d82955	--detector-dir	/pscratch/sd/j/josephrb/s5p-20260926/bank_detector	--config	R	--iters	5	--threads	32	--hypothesis	docs/orchestration/state/s5p/ratios/nullsF/null-genie_cv-F.json	--pseudo-seeds	1220284:1220289	--tag	cal_GENIE_2_12_10_CV	--out	/pscratch/sd/j/josephrb/s5p-20260926/runs/prod/cal/GENIE_2_12_10_CV
cal-GENIE_2_12_10_CV-b1_15	s5p_nullexp.py	--npz	/pscratch/sd/j/josephrb/MINERvA-OmniFold/nd-unfolding/of_inputs_5d.npz	--bkg	/pscratch/sd/j/josephrb/s5c-20260924/runs/p2/bkg_dump.npz	--bank	/pscratch/sd/j/josephrb/MINERvA-OmniFold/nd-unfolding/bank_sweep_5d_bkgaware	--expect-npz-sha256	07fccc1abc7204bc29349b4ba96850986fe91e909e83fc54e8d1a6b3922a649f	--expect-bkg-sha256	2addac8f26055c5ed69862e7afe29e12ac51dbe23a8d6eeed79d71bec9d82955	--detector-dir	/pscratch/sd/j/josephrb/s5p-20260926/bank_detector	--config	R	--iters	5	--threads	32	--hypothesis	docs/orchestration/state/s5p/ratios/nullsF/null-genie_cv-F.json	--pseudo-seeds	1220290:1220295	--tag	cal_GENIE_2_12_10_CV	--out	/pscratch/sd/j/josephrb/s5p-20260926/runs/prod/cal/GENIE_2_12_10_CV
cal-GENIE_2_12_10_CV-b1_16	s5p_nullexp.py	--npz	/pscratch/sd/j/josephrb/MINERvA-OmniFold/nd-unfolding/of_inputs_5d.npz	--bkg	/pscratch/sd/j/josephrb/s5c-20260924/runs/p2/bkg_dump.npz	--bank	/pscratch/sd/j/josephrb/MINERvA-OmniFold/nd-unfolding/bank_sweep_5d_bkgaware	--expect-npz-sha256	07fccc1abc7204bc29349b4ba96850986fe91e909e83fc54e8d1a6b3922a649f	--expect-bkg-sha256	2addac8f26055c5ed69862e7afe29e12ac51dbe23a8d6eeed79d71bec9d82955	--detector-dir	/pscratch/sd/j/josephrb/s5p-20260926/bank_detector	--config	R	--iters	5	--threads	32	--hypothesis	docs/orchestration/state/s5p/ratios/nullsF/null-genie_cv-F.json	--pseudo-seeds	1220296:1220301	--tag	cal_GENIE_2_12_10_CV	--out	/pscratch/sd/j/josephrb/s5p-20260926/runs/prod/cal/GENIE_2_12_10_CV
cal-GENIE_2_12_10_CV-b1_17	s5p_nullexp.py	--npz	/pscratch/sd/j/josephrb/MINERvA-OmniFold/nd-unfolding/of_inputs_5d.npz	--bkg	/pscratch/sd/j/josephrb/s5c-20260924/runs/p2/bkg_dump.npz	--bank	/pscratch/sd/j/josephrb/MINERvA-OmniFold/nd-unfolding/bank_sweep_5d_bkgaware	--expect-npz-sha256	07fccc1abc7204bc29349b4ba96850986fe91e909e83fc54e8d1a6b3922a649f	--expect-bkg-sha256	2addac8f26055c5ed69862e7afe29e12ac51dbe23a8d6eeed79d71bec9d82955	--detector-dir	/pscratch/sd/j/josephrb/s5p-20260926/bank_detector	--config	R	--iters	5	--threads	32	--hypothesis	docs/orchestration/state/s5p/ratios/nullsF/null-genie_cv-F.json	--pseudo-seeds	1220302:1220307	--tag	cal_GENIE_2_12_10_CV	--out	/pscratch/sd/j/josephrb/s5p-20260926/runs/prod/cal/GENIE_2_12_10_CV
cal-GENIE_2_12_10_CV-b1_18	s5p_nullexp.py	--npz	/pscratch/sd/j/josephrb/MINERvA-OmniFold/nd-unfolding/of_inputs_5d.npz	--bkg	/pscratch/sd/j/josephrb/s5c-20260924/runs/p2/bkg_dump.npz	--bank	/pscratch/sd/j/josephrb/MINERvA-OmniFold/nd-unfolding/bank_sweep_5d_bkgaware	--expect-npz-sha256	07fccc1abc7204bc29349b4ba96850986fe91e909e83fc54e8d1a6b3922a649f	--expect-bkg-sha256	2addac8f26055c5ed69862e7afe29e12ac51dbe23a8d6eeed79d71bec9d82955	--detector-dir	/pscratch/sd/j/josephrb/s5p-20260926/bank_detector	--config	R	--iters	5	--threads	32	--hypothesis	docs/orchestration/state/s5p/ratios/nullsF/null-genie_cv-F.json	--pseudo-seeds	1220308:1220313	--tag	cal_GENIE_2_12_10_CV	--out	/pscratch/sd/j/josephrb/s5p-20260926/runs/prod/cal/GENIE_2_12_10_CV
cal-GENIE_2_12_10_CV-b1_19	s5p_nullexp.py	--npz	/pscratch/sd/j/josephrb/MINERvA-OmniFold/nd-unfolding/of_inputs_5d.npz	--bkg	/pscratch/sd/j/josephrb/s5c-20260924/runs/p2/bkg_dump.npz	--bank	/pscratch/sd/j/josephrb/MINERvA-OmniFold/nd-unfolding/bank_sweep_5d_bkgaware	--expect-npz-sha256	07fccc1abc7204bc29349b4ba96850986fe91e909e83fc54e8d1a6b3922a649f	--expect-bkg-sha256	2addac8f26055c5ed69862e7afe29e12ac51dbe23a8d6eeed79d71bec9d82955	--detector-dir	/pscratch/sd/j/josephrb/s5p-20260926/bank_detector	--config	R	--iters	5	--threads	32	--hypothesis	docs/orchestration/state/s5p/ratios/nullsF/null-genie_cv-F.json	--pseudo-seeds	1220314:1220319	--tag	cal_GENIE_2_12_10_CV	--out	/pscratch/sd/j/josephrb/s5p-20260926/runs/prod/cal/GENIE_2_12_10_CV
cal-GENIE_2_12_10_CV-b1_20	s5p_nullexp.py	--npz	/pscratch/sd/j/josephrb/MINERvA-OmniFold/nd-unfolding/of_inputs_5d.npz	--bkg	/pscratch/sd/j/josephrb/s5c-20260924/runs/p2/bkg_dump.npz	--bank	/pscratch/sd/j/josephrb/MINERvA-OmniFold/nd-unfolding/bank_sweep_5d_bkgaware	--expect-npz-sha256	07fccc1abc7204bc29349b4ba96850986fe91e909e83fc54e8d1a6b3922a649f	--expect-bkg-sha256	2addac8f26055c5ed69862e7afe29e12ac51dbe23a8d6eeed79d71bec9d82955	--detector-dir	/pscratch/sd/j/josephrb/s5p-20260926/bank_detector	--config	R	--iters	5	--threads	32	--hypothesis	docs/orchestration/state/s5p/ratios/nullsF/null-genie_cv-F.json	--pseudo-seeds	1220320:1220325	--tag	cal_GENIE_2_12_10_CV	--out	/pscratch/sd/j/josephrb/s5p-20260926/runs/prod/cal/GENIE_2_12_10_CV
cal-GENIE_2_12_10_CV-b1_21	s5p_nullexp.py	--npz	/pscratch/sd/j/josephrb/MINERvA-OmniFold/nd-unfolding/of_inputs_5d.npz	--bkg	/pscratch/sd/j/josephrb/s5c-20260924/runs/p2/bkg_dump.npz	--bank	/pscratch/sd/j/josephrb/MINERvA-OmniFold/nd-unfolding/bank_sweep_5d_bkgaware	--expect-npz-sha256	07fccc1abc7204bc29349b4ba96850986fe91e909e83fc54e8d1a6b3922a649f	--expect-bkg-sha256	2addac8f26055c5ed69862e7afe29e12ac51dbe23a8d6eeed79d71bec9d82955	--detector-dir	/pscratch/sd/j/josephrb/s5p-20260926/bank_detector	--config	R	--iters	5	--threads	32	--hypothesis	docs/orchestration/state/s5p/ratios/nullsF/null-genie_cv-F.json	--pseudo-seeds	1220326:1220331	--tag	cal_GENIE_2_12_10_CV	--out	/pscratch/sd/j/josephrb/s5p-20260926/runs/prod/cal/GENIE_2_12_10_CV
cal-GENIE_2_12_10_CV-b1_22	s5p_nullexp.py	--npz	/pscratch/sd/j/josephrb/MINERvA-OmniFold/nd-unfolding/of_inputs_5d.npz	--bkg	/pscratch/sd/j/josephrb/s5c-20260924/runs/p2/bkg_dump.npz	--bank	/pscratch/sd/j/josephrb/MINERvA-OmniFold/nd-unfolding/bank_sweep_5d_bkgaware	--expect-npz-sha256	07fccc1abc7204bc29349b4ba96850986fe91e909e83fc54e8d1a6b3922a649f	--expect-bkg-sha256	2addac8f26055c5ed69862e7afe29e12ac51dbe23a8d6eeed79d71bec9d82955	--detector-dir	/pscratch/sd/j/josephrb/s5p-20260926/bank_detector	--config	R	--iters	5	--threads	32	--hypothesis	docs/orchestration/state/s5p/ratios/nullsF/null-genie_cv-F.json	--pseudo-seeds	1220332:1220337	--tag	cal_GENIE_2_12_10_CV	--out	/pscratch/sd/j/josephrb/s5p-20260926/runs/prod/cal/GENIE_2_12_10_CV
cal-GENIE_2_12_10_CV-b1_23	s5p_nullexp.py	--npz	/pscratch/sd/j/josephrb/MINERvA-OmniFold/nd-unfolding/of_inputs_5d.npz	--bkg	/pscratch/sd/j/josephrb/s5c-20260924/runs/p2/bkg_dump.npz	--bank	/pscratch/sd/j/josephrb/MINERvA-OmniFold/nd-unfolding/bank_sweep_5d_bkgaware	--expect-npz-sha256	07fccc1abc7204bc29349b4ba96850986fe91e909e83fc54e8d1a6b3922a649f	--expect-bkg-sha256	2addac8f26055c5ed69862e7afe29e12ac51dbe23a8d6eeed79d71bec9d82955	--detector-dir	/pscratch/sd/j/josephrb/s5p-20260926/bank_detector	--config	R	--iters	5	--threads	32	--hypothesis	docs/orchestration/state/s5p/ratios/nullsF/null-genie_cv-F.json	--pseudo-seeds	1220338:1220343	--tag	cal_GENIE_2_12_10_CV	--out	/pscratch/sd/j/josephrb/s5p-20260926/runs/prod/cal/GENIE_2_12_10_CV
cal-GENIE_2_12_10_CV-b1_24	s5p_nullexp.py	--npz	/pscratch/sd/j/josephrb/MINERvA-OmniFold/nd-unfolding/of_inputs_5d.npz	--bkg	/pscratch/sd/j/josephrb/s5c-20260924/runs/p2/bkg_dump.npz	--bank	/pscratch/sd/j/josephrb/MINERvA-OmniFold/nd-unfolding/bank_sweep_5d_bkgaware	--expect-npz-sha256	07fccc1abc7204bc29349b4ba96850986fe91e909e83fc54e8d1a6b3922a649f	--expect-bkg-sha256	2addac8f26055c5ed69862e7afe29e12ac51dbe23a8d6eeed79d71bec9d82955	--detector-dir	/pscratch/sd/j/josephrb/s5p-20260926/bank_detector	--config	R	--iters	5	--threads	32	--hypothesis	docs/orchestration/state/s5p/ratios/nullsF/null-genie_cv-F.json	--pseudo-seeds	1220344:1220349	--tag	cal_GENIE_2_12_10_CV	--out	/pscratch/sd/j/josephrb/s5p-20260926/runs/prod/cal/GENIE_2_12_10_CV
cal-GENIE_2_12_10_CV-b1_25	s5p_nullexp.py	--npz	/pscratch/sd/j/josephrb/MINERvA-OmniFold/nd-unfolding/of_inputs_5d.npz	--bkg	/pscratch/sd/j/josephrb/s5c-20260924/runs/p2/bkg_dump.npz	--bank	/pscratch/sd/j/josephrb/MINERvA-OmniFold/nd-unfolding/bank_sweep_5d_bkgaware	--expect-npz-sha256	07fccc1abc7204bc29349b4ba96850986fe91e909e83fc54e8d1a6b3922a649f	--expect-bkg-sha256	2addac8f26055c5ed69862e7afe29e12ac51dbe23a8d6eeed79d71bec9d82955	--detector-dir	/pscratch/sd/j/josephrb/s5p-20260926/bank_detector	--config	R	--iters	5	--threads	32	--hypothesis	docs/orchestration/state/s5p/ratios/nullsF/null-genie_cv-F.json	--pseudo-seeds	1220350:1220355	--tag	cal_GENIE_2_12_10_CV	--out	/pscratch/sd/j/josephrb/s5p-20260926/runs/prod/cal/GENIE_2_12_10_CV
cal-GENIE_2_12_10_CV-b1_26	s5p_nullexp.py	--npz	/pscratch/sd/j/josephrb/MINERvA-OmniFold/nd-unfolding/of_inputs_5d.npz	--bkg	/pscratch/sd/j/josephrb/s5c-20260924/runs/p2/bkg_dump.npz	--bank	/pscratch/sd/j/josephrb/MINERvA-OmniFold/nd-unfolding/bank_sweep_5d_bkgaware	--expect-npz-sha256	07fccc1abc7204bc29349b4ba96850986fe91e909e83fc54e8d1a6b3922a649f	--expect-bkg-sha256	2addac8f26055c5ed69862e7afe29e12ac51dbe23a8d6eeed79d71bec9d82955	--detector-dir	/pscratch/sd/j/josephrb/s5p-20260926/bank_detector	--config	R	--iters	5	--threads	32	--hypothesis	docs/orchestration/state/s5p/ratios/nullsF/null-genie_cv-F.json	--pseudo-seeds	1220356:1220361	--tag	cal_GENIE_2_12_10_CV	--out	/pscratch/sd/j/josephrb/s5p-20260926/runs/prod/cal/GENIE_2_12_10_CV
cal-GENIE_2_12_10_CV-b1_27	s5p_nullexp.py	--npz	/pscratch/sd/j/josephrb/MINERvA-OmniFold/nd-unfolding/of_inputs_5d.npz	--bkg	/pscratch/sd/j/josephrb/s5c-20260924/runs/p2/bkg_dump.npz	--bank	/pscratch/sd/j/josephrb/MINERvA-OmniFold/nd-unfolding/bank_sweep_5d_bkgaware	--expect-npz-sha256	07fccc1abc7204bc29349b4ba96850986fe91e909e83fc54e8d1a6b3922a649f	--expect-bkg-sha256	2addac8f26055c5ed69862e7afe29e12ac51dbe23a8d6eeed79d71bec9d82955	--detector-dir	/pscratch/sd/j/josephrb/s5p-20260926/bank_detector	--config	R	--iters	5	--threads	32	--hypothesis	docs/orchestration/state/s5p/ratios/nullsF/null-genie_cv-F.json	--pseudo-seeds	1220362:1220367	--tag	cal_GENIE_2_12_10_CV	--out	/pscratch/sd/j/josephrb/s5p-20260926/runs/prod/cal/GENIE_2_12_10_CV
cal-GENIE_2_12_10_CV-b1_28	s5p_nullexp.py	--npz	/pscratch/sd/j/josephrb/MINERvA-OmniFold/nd-unfolding/of_inputs_5d.npz	--bkg	/pscratch/sd/j/josephrb/s5c-20260924/runs/p2/bkg_dump.npz	--bank	/pscratch/sd/j/josephrb/MINERvA-OmniFold/nd-unfolding/bank_sweep_5d_bkgaware	--expect-npz-sha256	07fccc1abc7204bc29349b4ba96850986fe91e909e83fc54e8d1a6b3922a649f	--expect-bkg-sha256	2addac8f26055c5ed69862e7afe29e12ac51dbe23a8d6eeed79d71bec9d82955	--detector-dir	/pscratch/sd/j/josephrb/s5p-20260926/bank_detector	--config	R	--iters	5	--threads	32	--hypothesis	docs/orchestration/state/s5p/ratios/nullsF/null-genie_cv-F.json	--pseudo-seeds	1220368:1220373	--tag	cal_GENIE_2_12_10_CV	--out	/pscratch/sd/j/josephrb/s5p-20260926/runs/prod/cal/GENIE_2_12_10_CV
cal-GENIE_2_12_10_CV-b1_29	s5p_nullexp.py	--npz	/pscratch/sd/j/josephrb/MINERvA-OmniFold/nd-unfolding/of_inputs_5d.npz	--bkg	/pscratch/sd/j/josephrb/s5c-20260924/runs/p2/bkg_dump.npz	--bank	/pscratch/sd/j/josephrb/MINERvA-OmniFold/nd-unfolding/bank_sweep_5d_bkgaware	--expect-npz-sha256	07fccc1abc7204bc29349b4ba96850986fe91e909e83fc54e8d1a6b3922a649f	--expect-bkg-sha256	2addac8f26055c5ed69862e7afe29e12ac51dbe23a8d6eeed79d71bec9d82955	--detector-dir	/pscratch/sd/j/josephrb/s5p-20260926/bank_detector	--config	R	--iters	5	--threads	32	--hypothesis	docs/orchestration/state/s5p/ratios/nullsF/null-genie_cv-F.json	--pseudo-seeds	1220374:1220379	--tag	cal_GENIE_2_12_10_CV	--out	/pscratch/sd/j/josephrb/s5p-20260926/runs/prod/cal/GENIE_2_12_10_CV
cal-GENIE_2_12_10_CV-b1_30	s5p_nullexp.py	--npz	/pscratch/sd/j/josephrb/MINERvA-OmniFold/nd-unfolding/of_inputs_5d.npz	--bkg	/pscratch/sd/j/josephrb/s5c-20260924/runs/p2/bkg_dump.npz	--bank	/pscratch/sd/j/josephrb/MINERvA-OmniFold/nd-unfolding/bank_sweep_5d_bkgaware	--expect-npz-sha256	07fccc1abc7204bc29349b4ba96850986fe91e909e83fc54e8d1a6b3922a649f	--expect-bkg-sha256	2addac8f26055c5ed69862e7afe29e12ac51dbe23a8d6eeed79d71bec9d82955	--detector-dir	/pscratch/sd/j/josephrb/s5p-20260926/bank_detector	--config	R	--iters	5	--threads	32	--hypothesis	docs/orchestration/state/s5p/ratios/nullsF/null-genie_cv-F.json	--pseudo-seeds	1220380:1220385	--tag	cal_GENIE_2_12_10_CV	--out	/pscratch/sd/j/josephrb/s5p-20260926/runs/prod/cal/GENIE_2_12_10_CV
cal-GENIE_2_12_10_CV-b1_31	s5p_nullexp.py	--npz	/pscratch/sd/j/josephrb/MINERvA-OmniFold/nd-unfolding/of_inputs_5d.npz	--bkg	/pscratch/sd/j/josephrb/s5c-20260924/runs/p2/bkg_dump.npz	--bank	/pscratch/sd/j/josephrb/MINERvA-OmniFold/nd-unfolding/bank_sweep_5d_bkgaware	--expect-npz-sha256	07fccc1abc7204bc29349b4ba96850986fe91e909e83fc54e8d1a6b3922a649f	--expect-bkg-sha256	2addac8f26055c5ed69862e7afe29e12ac51dbe23a8d6eeed79d71bec9d82955	--detector-dir	/pscratch/sd/j/josephrb/s5p-20260926/bank_detector	--config	R	--iters	5	--threads	32	--hypothesis	docs/orchestration/state/s5p/ratios/nullsF/null-genie_cv-F.json	--pseudo-seeds	1220386:1220391	--tag	cal_GENIE_2_12_10_CV	--out	/pscratch/sd/j/josephrb/s5p-20260926/runs/prod/cal/GENIE_2_12_10_CV
cal-GENIE_2_12_10_CV-b1_32	s5p_nullexp.py	--npz	/pscratch/sd/j/josephrb/MINERvA-OmniFold/nd-unfolding/of_inputs_5d.npz	--bkg	/pscratch/sd/j/josephrb/s5c-20260924/runs/p2/bkg_dump.npz	--bank	/pscratch/sd/j/josephrb/MINERvA-OmniFold/nd-unfolding/bank_sweep_5d_bkgaware	--expect-npz-sha256	07fccc1abc7204bc29349b4ba96850986fe91e909e83fc54e8d1a6b3922a649f	--expect-bkg-sha256	2addac8f26055c5ed69862e7afe29e12ac51dbe23a8d6eeed79d71bec9d82955	--detector-dir	/pscratch/sd/j/josephrb/s5p-20260926/bank_detector	--config	R	--iters	5	--threads	32	--hypothesis	docs/orchestration/state/s5p/ratios/nullsF/null-genie_cv-F.json	--pseudo-seeds	1220392:1220397	--tag	cal_GENIE_2_12_10_CV	--out	/pscratch/sd/j/josephrb/s5p-20260926/runs/prod/cal/GENIE_2_12_10_CV
cal-GENIE_2_12_10_CV-b1_33	s5p_nullexp.py	--npz	/pscratch/sd/j/josephrb/MINERvA-OmniFold/nd-unfolding/of_inputs_5d.npz	--bkg	/pscratch/sd/j/josephrb/s5c-20260924/runs/p2/bkg_dump.npz	--bank	/pscratch/sd/j/josephrb/MINERvA-OmniFold/nd-unfolding/bank_sweep_5d_bkgaware	--expect-npz-sha256	07fccc1abc7204bc29349b4ba96850986fe91e909e83fc54e8d1a6b3922a649f	--expect-bkg-sha256	2addac8f26055c5ed69862e7afe29e12ac51dbe23a8d6eeed79d71bec9d82955	--detector-dir	/pscratch/sd/j/josephrb/s5p-20260926/bank_detector	--config	R	--iters	5	--threads	32	--hypothesis	docs/orchestration/state/s5p/ratios/nullsF/null-genie_cv-F.json	--pseudo-seeds	1220398:1220399	--tag	cal_GENIE_2_12_10_CV	--out	/pscratch/sd/j/josephrb/s5p-20260926/runs/prod/cal/GENIE_2_12_10_CV
