# s5p production: calibration batch 8 of MnvTune_v1, seeds 1201600-1201799
cal-MnvTune_v1-b8_0	s5p_nullexp.py	--npz	/pscratch/sd/j/josephrb/MINERvA-OmniFold/nd-unfolding/of_inputs_5d.npz	--bkg	/pscratch/sd/j/josephrb/s5c-20260924/runs/p2/bkg_dump.npz	--bank	/pscratch/sd/j/josephrb/MINERvA-OmniFold/nd-unfolding/bank_sweep_5d_bkgaware	--expect-npz-sha256	07fccc1abc7204bc29349b4ba96850986fe91e909e83fc54e8d1a6b3922a649f	--expect-bkg-sha256	2addac8f26055c5ed69862e7afe29e12ac51dbe23a8d6eeed79d71bec9d82955	--detector-dir	/pscratch/sd/j/josephrb/s5p-20260926/bank_detector	--config	R	--iters	5	--threads	32	--hypothesis	docs/orchestration/state/s5p/ratios/nullsJ/null-mnvtune_v1-J.json	--pseudo-seeds	1201600:1201605	--tag	cal_MnvTune_v1	--out	/pscratch/sd/j/josephrb/s5p-20260926/runs/prod/cal/MnvTune_v1
cal-MnvTune_v1-b8_1	s5p_nullexp.py	--npz	/pscratch/sd/j/josephrb/MINERvA-OmniFold/nd-unfolding/of_inputs_5d.npz	--bkg	/pscratch/sd/j/josephrb/s5c-20260924/runs/p2/bkg_dump.npz	--bank	/pscratch/sd/j/josephrb/MINERvA-OmniFold/nd-unfolding/bank_sweep_5d_bkgaware	--expect-npz-sha256	07fccc1abc7204bc29349b4ba96850986fe91e909e83fc54e8d1a6b3922a649f	--expect-bkg-sha256	2addac8f26055c5ed69862e7afe29e12ac51dbe23a8d6eeed79d71bec9d82955	--detector-dir	/pscratch/sd/j/josephrb/s5p-20260926/bank_detector	--config	R	--iters	5	--threads	32	--hypothesis	docs/orchestration/state/s5p/ratios/nullsJ/null-mnvtune_v1-J.json	--pseudo-seeds	1201606:1201611	--tag	cal_MnvTune_v1	--out	/pscratch/sd/j/josephrb/s5p-20260926/runs/prod/cal/MnvTune_v1
cal-MnvTune_v1-b8_2	s5p_nullexp.py	--npz	/pscratch/sd/j/josephrb/MINERvA-OmniFold/nd-unfolding/of_inputs_5d.npz	--bkg	/pscratch/sd/j/josephrb/s5c-20260924/runs/p2/bkg_dump.npz	--bank	/pscratch/sd/j/josephrb/MINERvA-OmniFold/nd-unfolding/bank_sweep_5d_bkgaware	--expect-npz-sha256	07fccc1abc7204bc29349b4ba96850986fe91e909e83fc54e8d1a6b3922a649f	--expect-bkg-sha256	2addac8f26055c5ed69862e7afe29e12ac51dbe23a8d6eeed79d71bec9d82955	--detector-dir	/pscratch/sd/j/josephrb/s5p-20260926/bank_detector	--config	R	--iters	5	--threads	32	--hypothesis	docs/orchestration/state/s5p/ratios/nullsJ/null-mnvtune_v1-J.json	--pseudo-seeds	1201612:1201617	--tag	cal_MnvTune_v1	--out	/pscratch/sd/j/josephrb/s5p-20260926/runs/prod/cal/MnvTune_v1
cal-MnvTune_v1-b8_3	s5p_nullexp.py	--npz	/pscratch/sd/j/josephrb/MINERvA-OmniFold/nd-unfolding/of_inputs_5d.npz	--bkg	/pscratch/sd/j/josephrb/s5c-20260924/runs/p2/bkg_dump.npz	--bank	/pscratch/sd/j/josephrb/MINERvA-OmniFold/nd-unfolding/bank_sweep_5d_bkgaware	--expect-npz-sha256	07fccc1abc7204bc29349b4ba96850986fe91e909e83fc54e8d1a6b3922a649f	--expect-bkg-sha256	2addac8f26055c5ed69862e7afe29e12ac51dbe23a8d6eeed79d71bec9d82955	--detector-dir	/pscratch/sd/j/josephrb/s5p-20260926/bank_detector	--config	R	--iters	5	--threads	32	--hypothesis	docs/orchestration/state/s5p/ratios/nullsJ/null-mnvtune_v1-J.json	--pseudo-seeds	1201618:1201623	--tag	cal_MnvTune_v1	--out	/pscratch/sd/j/josephrb/s5p-20260926/runs/prod/cal/MnvTune_v1
cal-MnvTune_v1-b8_4	s5p_nullexp.py	--npz	/pscratch/sd/j/josephrb/MINERvA-OmniFold/nd-unfolding/of_inputs_5d.npz	--bkg	/pscratch/sd/j/josephrb/s5c-20260924/runs/p2/bkg_dump.npz	--bank	/pscratch/sd/j/josephrb/MINERvA-OmniFold/nd-unfolding/bank_sweep_5d_bkgaware	--expect-npz-sha256	07fccc1abc7204bc29349b4ba96850986fe91e909e83fc54e8d1a6b3922a649f	--expect-bkg-sha256	2addac8f26055c5ed69862e7afe29e12ac51dbe23a8d6eeed79d71bec9d82955	--detector-dir	/pscratch/sd/j/josephrb/s5p-20260926/bank_detector	--config	R	--iters	5	--threads	32	--hypothesis	docs/orchestration/state/s5p/ratios/nullsJ/null-mnvtune_v1-J.json	--pseudo-seeds	1201624:1201629	--tag	cal_MnvTune_v1	--out	/pscratch/sd/j/josephrb/s5p-20260926/runs/prod/cal/MnvTune_v1
cal-MnvTune_v1-b8_5	s5p_nullexp.py	--npz	/pscratch/sd/j/josephrb/MINERvA-OmniFold/nd-unfolding/of_inputs_5d.npz	--bkg	/pscratch/sd/j/josephrb/s5c-20260924/runs/p2/bkg_dump.npz	--bank	/pscratch/sd/j/josephrb/MINERvA-OmniFold/nd-unfolding/bank_sweep_5d_bkgaware	--expect-npz-sha256	07fccc1abc7204bc29349b4ba96850986fe91e909e83fc54e8d1a6b3922a649f	--expect-bkg-sha256	2addac8f26055c5ed69862e7afe29e12ac51dbe23a8d6eeed79d71bec9d82955	--detector-dir	/pscratch/sd/j/josephrb/s5p-20260926/bank_detector	--config	R	--iters	5	--threads	32	--hypothesis	docs/orchestration/state/s5p/ratios/nullsJ/null-mnvtune_v1-J.json	--pseudo-seeds	1201630:1201635	--tag	cal_MnvTune_v1	--out	/pscratch/sd/j/josephrb/s5p-20260926/runs/prod/cal/MnvTune_v1
cal-MnvTune_v1-b8_6	s5p_nullexp.py	--npz	/pscratch/sd/j/josephrb/MINERvA-OmniFold/nd-unfolding/of_inputs_5d.npz	--bkg	/pscratch/sd/j/josephrb/s5c-20260924/runs/p2/bkg_dump.npz	--bank	/pscratch/sd/j/josephrb/MINERvA-OmniFold/nd-unfolding/bank_sweep_5d_bkgaware	--expect-npz-sha256	07fccc1abc7204bc29349b4ba96850986fe91e909e83fc54e8d1a6b3922a649f	--expect-bkg-sha256	2addac8f26055c5ed69862e7afe29e12ac51dbe23a8d6eeed79d71bec9d82955	--detector-dir	/pscratch/sd/j/josephrb/s5p-20260926/bank_detector	--config	R	--iters	5	--threads	32	--hypothesis	docs/orchestration/state/s5p/ratios/nullsJ/null-mnvtune_v1-J.json	--pseudo-seeds	1201636:1201641	--tag	cal_MnvTune_v1	--out	/pscratch/sd/j/josephrb/s5p-20260926/runs/prod/cal/MnvTune_v1
cal-MnvTune_v1-b8_7	s5p_nullexp.py	--npz	/pscratch/sd/j/josephrb/MINERvA-OmniFold/nd-unfolding/of_inputs_5d.npz	--bkg	/pscratch/sd/j/josephrb/s5c-20260924/runs/p2/bkg_dump.npz	--bank	/pscratch/sd/j/josephrb/MINERvA-OmniFold/nd-unfolding/bank_sweep_5d_bkgaware	--expect-npz-sha256	07fccc1abc7204bc29349b4ba96850986fe91e909e83fc54e8d1a6b3922a649f	--expect-bkg-sha256	2addac8f26055c5ed69862e7afe29e12ac51dbe23a8d6eeed79d71bec9d82955	--detector-dir	/pscratch/sd/j/josephrb/s5p-20260926/bank_detector	--config	R	--iters	5	--threads	32	--hypothesis	docs/orchestration/state/s5p/ratios/nullsJ/null-mnvtune_v1-J.json	--pseudo-seeds	1201642:1201647	--tag	cal_MnvTune_v1	--out	/pscratch/sd/j/josephrb/s5p-20260926/runs/prod/cal/MnvTune_v1
cal-MnvTune_v1-b8_8	s5p_nullexp.py	--npz	/pscratch/sd/j/josephrb/MINERvA-OmniFold/nd-unfolding/of_inputs_5d.npz	--bkg	/pscratch/sd/j/josephrb/s5c-20260924/runs/p2/bkg_dump.npz	--bank	/pscratch/sd/j/josephrb/MINERvA-OmniFold/nd-unfolding/bank_sweep_5d_bkgaware	--expect-npz-sha256	07fccc1abc7204bc29349b4ba96850986fe91e909e83fc54e8d1a6b3922a649f	--expect-bkg-sha256	2addac8f26055c5ed69862e7afe29e12ac51dbe23a8d6eeed79d71bec9d82955	--detector-dir	/pscratch/sd/j/josephrb/s5p-20260926/bank_detector	--config	R	--iters	5	--threads	32	--hypothesis	docs/orchestration/state/s5p/ratios/nullsJ/null-mnvtune_v1-J.json	--pseudo-seeds	1201648:1201653	--tag	cal_MnvTune_v1	--out	/pscratch/sd/j/josephrb/s5p-20260926/runs/prod/cal/MnvTune_v1
cal-MnvTune_v1-b8_9	s5p_nullexp.py	--npz	/pscratch/sd/j/josephrb/MINERvA-OmniFold/nd-unfolding/of_inputs_5d.npz	--bkg	/pscratch/sd/j/josephrb/s5c-20260924/runs/p2/bkg_dump.npz	--bank	/pscratch/sd/j/josephrb/MINERvA-OmniFold/nd-unfolding/bank_sweep_5d_bkgaware	--expect-npz-sha256	07fccc1abc7204bc29349b4ba96850986fe91e909e83fc54e8d1a6b3922a649f	--expect-bkg-sha256	2addac8f26055c5ed69862e7afe29e12ac51dbe23a8d6eeed79d71bec9d82955	--detector-dir	/pscratch/sd/j/josephrb/s5p-20260926/bank_detector	--config	R	--iters	5	--threads	32	--hypothesis	docs/orchestration/state/s5p/ratios/nullsJ/null-mnvtune_v1-J.json	--pseudo-seeds	1201654:1201659	--tag	cal_MnvTune_v1	--out	/pscratch/sd/j/josephrb/s5p-20260926/runs/prod/cal/MnvTune_v1
cal-MnvTune_v1-b8_10	s5p_nullexp.py	--npz	/pscratch/sd/j/josephrb/MINERvA-OmniFold/nd-unfolding/of_inputs_5d.npz	--bkg	/pscratch/sd/j/josephrb/s5c-20260924/runs/p2/bkg_dump.npz	--bank	/pscratch/sd/j/josephrb/MINERvA-OmniFold/nd-unfolding/bank_sweep_5d_bkgaware	--expect-npz-sha256	07fccc1abc7204bc29349b4ba96850986fe91e909e83fc54e8d1a6b3922a649f	--expect-bkg-sha256	2addac8f26055c5ed69862e7afe29e12ac51dbe23a8d6eeed79d71bec9d82955	--detector-dir	/pscratch/sd/j/josephrb/s5p-20260926/bank_detector	--config	R	--iters	5	--threads	32	--hypothesis	docs/orchestration/state/s5p/ratios/nullsJ/null-mnvtune_v1-J.json	--pseudo-seeds	1201660:1201665	--tag	cal_MnvTune_v1	--out	/pscratch/sd/j/josephrb/s5p-20260926/runs/prod/cal/MnvTune_v1
cal-MnvTune_v1-b8_11	s5p_nullexp.py	--npz	/pscratch/sd/j/josephrb/MINERvA-OmniFold/nd-unfolding/of_inputs_5d.npz	--bkg	/pscratch/sd/j/josephrb/s5c-20260924/runs/p2/bkg_dump.npz	--bank	/pscratch/sd/j/josephrb/MINERvA-OmniFold/nd-unfolding/bank_sweep_5d_bkgaware	--expect-npz-sha256	07fccc1abc7204bc29349b4ba96850986fe91e909e83fc54e8d1a6b3922a649f	--expect-bkg-sha256	2addac8f26055c5ed69862e7afe29e12ac51dbe23a8d6eeed79d71bec9d82955	--detector-dir	/pscratch/sd/j/josephrb/s5p-20260926/bank_detector	--config	R	--iters	5	--threads	32	--hypothesis	docs/orchestration/state/s5p/ratios/nullsJ/null-mnvtune_v1-J.json	--pseudo-seeds	1201666:1201671	--tag	cal_MnvTune_v1	--out	/pscratch/sd/j/josephrb/s5p-20260926/runs/prod/cal/MnvTune_v1
cal-MnvTune_v1-b8_12	s5p_nullexp.py	--npz	/pscratch/sd/j/josephrb/MINERvA-OmniFold/nd-unfolding/of_inputs_5d.npz	--bkg	/pscratch/sd/j/josephrb/s5c-20260924/runs/p2/bkg_dump.npz	--bank	/pscratch/sd/j/josephrb/MINERvA-OmniFold/nd-unfolding/bank_sweep_5d_bkgaware	--expect-npz-sha256	07fccc1abc7204bc29349b4ba96850986fe91e909e83fc54e8d1a6b3922a649f	--expect-bkg-sha256	2addac8f26055c5ed69862e7afe29e12ac51dbe23a8d6eeed79d71bec9d82955	--detector-dir	/pscratch/sd/j/josephrb/s5p-20260926/bank_detector	--config	R	--iters	5	--threads	32	--hypothesis	docs/orchestration/state/s5p/ratios/nullsJ/null-mnvtune_v1-J.json	--pseudo-seeds	1201672:1201677	--tag	cal_MnvTune_v1	--out	/pscratch/sd/j/josephrb/s5p-20260926/runs/prod/cal/MnvTune_v1
cal-MnvTune_v1-b8_13	s5p_nullexp.py	--npz	/pscratch/sd/j/josephrb/MINERvA-OmniFold/nd-unfolding/of_inputs_5d.npz	--bkg	/pscratch/sd/j/josephrb/s5c-20260924/runs/p2/bkg_dump.npz	--bank	/pscratch/sd/j/josephrb/MINERvA-OmniFold/nd-unfolding/bank_sweep_5d_bkgaware	--expect-npz-sha256	07fccc1abc7204bc29349b4ba96850986fe91e909e83fc54e8d1a6b3922a649f	--expect-bkg-sha256	2addac8f26055c5ed69862e7afe29e12ac51dbe23a8d6eeed79d71bec9d82955	--detector-dir	/pscratch/sd/j/josephrb/s5p-20260926/bank_detector	--config	R	--iters	5	--threads	32	--hypothesis	docs/orchestration/state/s5p/ratios/nullsJ/null-mnvtune_v1-J.json	--pseudo-seeds	1201678:1201683	--tag	cal_MnvTune_v1	--out	/pscratch/sd/j/josephrb/s5p-20260926/runs/prod/cal/MnvTune_v1
cal-MnvTune_v1-b8_14	s5p_nullexp.py	--npz	/pscratch/sd/j/josephrb/MINERvA-OmniFold/nd-unfolding/of_inputs_5d.npz	--bkg	/pscratch/sd/j/josephrb/s5c-20260924/runs/p2/bkg_dump.npz	--bank	/pscratch/sd/j/josephrb/MINERvA-OmniFold/nd-unfolding/bank_sweep_5d_bkgaware	--expect-npz-sha256	07fccc1abc7204bc29349b4ba96850986fe91e909e83fc54e8d1a6b3922a649f	--expect-bkg-sha256	2addac8f26055c5ed69862e7afe29e12ac51dbe23a8d6eeed79d71bec9d82955	--detector-dir	/pscratch/sd/j/josephrb/s5p-20260926/bank_detector	--config	R	--iters	5	--threads	32	--hypothesis	docs/orchestration/state/s5p/ratios/nullsJ/null-mnvtune_v1-J.json	--pseudo-seeds	1201684:1201689	--tag	cal_MnvTune_v1	--out	/pscratch/sd/j/josephrb/s5p-20260926/runs/prod/cal/MnvTune_v1
cal-MnvTune_v1-b8_15	s5p_nullexp.py	--npz	/pscratch/sd/j/josephrb/MINERvA-OmniFold/nd-unfolding/of_inputs_5d.npz	--bkg	/pscratch/sd/j/josephrb/s5c-20260924/runs/p2/bkg_dump.npz	--bank	/pscratch/sd/j/josephrb/MINERvA-OmniFold/nd-unfolding/bank_sweep_5d_bkgaware	--expect-npz-sha256	07fccc1abc7204bc29349b4ba96850986fe91e909e83fc54e8d1a6b3922a649f	--expect-bkg-sha256	2addac8f26055c5ed69862e7afe29e12ac51dbe23a8d6eeed79d71bec9d82955	--detector-dir	/pscratch/sd/j/josephrb/s5p-20260926/bank_detector	--config	R	--iters	5	--threads	32	--hypothesis	docs/orchestration/state/s5p/ratios/nullsJ/null-mnvtune_v1-J.json	--pseudo-seeds	1201690:1201695	--tag	cal_MnvTune_v1	--out	/pscratch/sd/j/josephrb/s5p-20260926/runs/prod/cal/MnvTune_v1
cal-MnvTune_v1-b8_16	s5p_nullexp.py	--npz	/pscratch/sd/j/josephrb/MINERvA-OmniFold/nd-unfolding/of_inputs_5d.npz	--bkg	/pscratch/sd/j/josephrb/s5c-20260924/runs/p2/bkg_dump.npz	--bank	/pscratch/sd/j/josephrb/MINERvA-OmniFold/nd-unfolding/bank_sweep_5d_bkgaware	--expect-npz-sha256	07fccc1abc7204bc29349b4ba96850986fe91e909e83fc54e8d1a6b3922a649f	--expect-bkg-sha256	2addac8f26055c5ed69862e7afe29e12ac51dbe23a8d6eeed79d71bec9d82955	--detector-dir	/pscratch/sd/j/josephrb/s5p-20260926/bank_detector	--config	R	--iters	5	--threads	32	--hypothesis	docs/orchestration/state/s5p/ratios/nullsJ/null-mnvtune_v1-J.json	--pseudo-seeds	1201696:1201701	--tag	cal_MnvTune_v1	--out	/pscratch/sd/j/josephrb/s5p-20260926/runs/prod/cal/MnvTune_v1
cal-MnvTune_v1-b8_17	s5p_nullexp.py	--npz	/pscratch/sd/j/josephrb/MINERvA-OmniFold/nd-unfolding/of_inputs_5d.npz	--bkg	/pscratch/sd/j/josephrb/s5c-20260924/runs/p2/bkg_dump.npz	--bank	/pscratch/sd/j/josephrb/MINERvA-OmniFold/nd-unfolding/bank_sweep_5d_bkgaware	--expect-npz-sha256	07fccc1abc7204bc29349b4ba96850986fe91e909e83fc54e8d1a6b3922a649f	--expect-bkg-sha256	2addac8f26055c5ed69862e7afe29e12ac51dbe23a8d6eeed79d71bec9d82955	--detector-dir	/pscratch/sd/j/josephrb/s5p-20260926/bank_detector	--config	R	--iters	5	--threads	32	--hypothesis	docs/orchestration/state/s5p/ratios/nullsJ/null-mnvtune_v1-J.json	--pseudo-seeds	1201702:1201707	--tag	cal_MnvTune_v1	--out	/pscratch/sd/j/josephrb/s5p-20260926/runs/prod/cal/MnvTune_v1
cal-MnvTune_v1-b8_18	s5p_nullexp.py	--npz	/pscratch/sd/j/josephrb/MINERvA-OmniFold/nd-unfolding/of_inputs_5d.npz	--bkg	/pscratch/sd/j/josephrb/s5c-20260924/runs/p2/bkg_dump.npz	--bank	/pscratch/sd/j/josephrb/MINERvA-OmniFold/nd-unfolding/bank_sweep_5d_bkgaware	--expect-npz-sha256	07fccc1abc7204bc29349b4ba96850986fe91e909e83fc54e8d1a6b3922a649f	--expect-bkg-sha256	2addac8f26055c5ed69862e7afe29e12ac51dbe23a8d6eeed79d71bec9d82955	--detector-dir	/pscratch/sd/j/josephrb/s5p-20260926/bank_detector	--config	R	--iters	5	--threads	32	--hypothesis	docs/orchestration/state/s5p/ratios/nullsJ/null-mnvtune_v1-J.json	--pseudo-seeds	1201708:1201713	--tag	cal_MnvTune_v1	--out	/pscratch/sd/j/josephrb/s5p-20260926/runs/prod/cal/MnvTune_v1
cal-MnvTune_v1-b8_19	s5p_nullexp.py	--npz	/pscratch/sd/j/josephrb/MINERvA-OmniFold/nd-unfolding/of_inputs_5d.npz	--bkg	/pscratch/sd/j/josephrb/s5c-20260924/runs/p2/bkg_dump.npz	--bank	/pscratch/sd/j/josephrb/MINERvA-OmniFold/nd-unfolding/bank_sweep_5d_bkgaware	--expect-npz-sha256	07fccc1abc7204bc29349b4ba96850986fe91e909e83fc54e8d1a6b3922a649f	--expect-bkg-sha256	2addac8f26055c5ed69862e7afe29e12ac51dbe23a8d6eeed79d71bec9d82955	--detector-dir	/pscratch/sd/j/josephrb/s5p-20260926/bank_detector	--config	R	--iters	5	--threads	32	--hypothesis	docs/orchestration/state/s5p/ratios/nullsJ/null-mnvtune_v1-J.json	--pseudo-seeds	1201714:1201719	--tag	cal_MnvTune_v1	--out	/pscratch/sd/j/josephrb/s5p-20260926/runs/prod/cal/MnvTune_v1
cal-MnvTune_v1-b8_20	s5p_nullexp.py	--npz	/pscratch/sd/j/josephrb/MINERvA-OmniFold/nd-unfolding/of_inputs_5d.npz	--bkg	/pscratch/sd/j/josephrb/s5c-20260924/runs/p2/bkg_dump.npz	--bank	/pscratch/sd/j/josephrb/MINERvA-OmniFold/nd-unfolding/bank_sweep_5d_bkgaware	--expect-npz-sha256	07fccc1abc7204bc29349b4ba96850986fe91e909e83fc54e8d1a6b3922a649f	--expect-bkg-sha256	2addac8f26055c5ed69862e7afe29e12ac51dbe23a8d6eeed79d71bec9d82955	--detector-dir	/pscratch/sd/j/josephrb/s5p-20260926/bank_detector	--config	R	--iters	5	--threads	32	--hypothesis	docs/orchestration/state/s5p/ratios/nullsJ/null-mnvtune_v1-J.json	--pseudo-seeds	1201720:1201725	--tag	cal_MnvTune_v1	--out	/pscratch/sd/j/josephrb/s5p-20260926/runs/prod/cal/MnvTune_v1
cal-MnvTune_v1-b8_21	s5p_nullexp.py	--npz	/pscratch/sd/j/josephrb/MINERvA-OmniFold/nd-unfolding/of_inputs_5d.npz	--bkg	/pscratch/sd/j/josephrb/s5c-20260924/runs/p2/bkg_dump.npz	--bank	/pscratch/sd/j/josephrb/MINERvA-OmniFold/nd-unfolding/bank_sweep_5d_bkgaware	--expect-npz-sha256	07fccc1abc7204bc29349b4ba96850986fe91e909e83fc54e8d1a6b3922a649f	--expect-bkg-sha256	2addac8f26055c5ed69862e7afe29e12ac51dbe23a8d6eeed79d71bec9d82955	--detector-dir	/pscratch/sd/j/josephrb/s5p-20260926/bank_detector	--config	R	--iters	5	--threads	32	--hypothesis	docs/orchestration/state/s5p/ratios/nullsJ/null-mnvtune_v1-J.json	--pseudo-seeds	1201726:1201731	--tag	cal_MnvTune_v1	--out	/pscratch/sd/j/josephrb/s5p-20260926/runs/prod/cal/MnvTune_v1
cal-MnvTune_v1-b8_22	s5p_nullexp.py	--npz	/pscratch/sd/j/josephrb/MINERvA-OmniFold/nd-unfolding/of_inputs_5d.npz	--bkg	/pscratch/sd/j/josephrb/s5c-20260924/runs/p2/bkg_dump.npz	--bank	/pscratch/sd/j/josephrb/MINERvA-OmniFold/nd-unfolding/bank_sweep_5d_bkgaware	--expect-npz-sha256	07fccc1abc7204bc29349b4ba96850986fe91e909e83fc54e8d1a6b3922a649f	--expect-bkg-sha256	2addac8f26055c5ed69862e7afe29e12ac51dbe23a8d6eeed79d71bec9d82955	--detector-dir	/pscratch/sd/j/josephrb/s5p-20260926/bank_detector	--config	R	--iters	5	--threads	32	--hypothesis	docs/orchestration/state/s5p/ratios/nullsJ/null-mnvtune_v1-J.json	--pseudo-seeds	1201732:1201737	--tag	cal_MnvTune_v1	--out	/pscratch/sd/j/josephrb/s5p-20260926/runs/prod/cal/MnvTune_v1
cal-MnvTune_v1-b8_23	s5p_nullexp.py	--npz	/pscratch/sd/j/josephrb/MINERvA-OmniFold/nd-unfolding/of_inputs_5d.npz	--bkg	/pscratch/sd/j/josephrb/s5c-20260924/runs/p2/bkg_dump.npz	--bank	/pscratch/sd/j/josephrb/MINERvA-OmniFold/nd-unfolding/bank_sweep_5d_bkgaware	--expect-npz-sha256	07fccc1abc7204bc29349b4ba96850986fe91e909e83fc54e8d1a6b3922a649f	--expect-bkg-sha256	2addac8f26055c5ed69862e7afe29e12ac51dbe23a8d6eeed79d71bec9d82955	--detector-dir	/pscratch/sd/j/josephrb/s5p-20260926/bank_detector	--config	R	--iters	5	--threads	32	--hypothesis	docs/orchestration/state/s5p/ratios/nullsJ/null-mnvtune_v1-J.json	--pseudo-seeds	1201738:1201743	--tag	cal_MnvTune_v1	--out	/pscratch/sd/j/josephrb/s5p-20260926/runs/prod/cal/MnvTune_v1
cal-MnvTune_v1-b8_24	s5p_nullexp.py	--npz	/pscratch/sd/j/josephrb/MINERvA-OmniFold/nd-unfolding/of_inputs_5d.npz	--bkg	/pscratch/sd/j/josephrb/s5c-20260924/runs/p2/bkg_dump.npz	--bank	/pscratch/sd/j/josephrb/MINERvA-OmniFold/nd-unfolding/bank_sweep_5d_bkgaware	--expect-npz-sha256	07fccc1abc7204bc29349b4ba96850986fe91e909e83fc54e8d1a6b3922a649f	--expect-bkg-sha256	2addac8f26055c5ed69862e7afe29e12ac51dbe23a8d6eeed79d71bec9d82955	--detector-dir	/pscratch/sd/j/josephrb/s5p-20260926/bank_detector	--config	R	--iters	5	--threads	32	--hypothesis	docs/orchestration/state/s5p/ratios/nullsJ/null-mnvtune_v1-J.json	--pseudo-seeds	1201744:1201749	--tag	cal_MnvTune_v1	--out	/pscratch/sd/j/josephrb/s5p-20260926/runs/prod/cal/MnvTune_v1
cal-MnvTune_v1-b8_25	s5p_nullexp.py	--npz	/pscratch/sd/j/josephrb/MINERvA-OmniFold/nd-unfolding/of_inputs_5d.npz	--bkg	/pscratch/sd/j/josephrb/s5c-20260924/runs/p2/bkg_dump.npz	--bank	/pscratch/sd/j/josephrb/MINERvA-OmniFold/nd-unfolding/bank_sweep_5d_bkgaware	--expect-npz-sha256	07fccc1abc7204bc29349b4ba96850986fe91e909e83fc54e8d1a6b3922a649f	--expect-bkg-sha256	2addac8f26055c5ed69862e7afe29e12ac51dbe23a8d6eeed79d71bec9d82955	--detector-dir	/pscratch/sd/j/josephrb/s5p-20260926/bank_detector	--config	R	--iters	5	--threads	32	--hypothesis	docs/orchestration/state/s5p/ratios/nullsJ/null-mnvtune_v1-J.json	--pseudo-seeds	1201750:1201755	--tag	cal_MnvTune_v1	--out	/pscratch/sd/j/josephrb/s5p-20260926/runs/prod/cal/MnvTune_v1
cal-MnvTune_v1-b8_26	s5p_nullexp.py	--npz	/pscratch/sd/j/josephrb/MINERvA-OmniFold/nd-unfolding/of_inputs_5d.npz	--bkg	/pscratch/sd/j/josephrb/s5c-20260924/runs/p2/bkg_dump.npz	--bank	/pscratch/sd/j/josephrb/MINERvA-OmniFold/nd-unfolding/bank_sweep_5d_bkgaware	--expect-npz-sha256	07fccc1abc7204bc29349b4ba96850986fe91e909e83fc54e8d1a6b3922a649f	--expect-bkg-sha256	2addac8f26055c5ed69862e7afe29e12ac51dbe23a8d6eeed79d71bec9d82955	--detector-dir	/pscratch/sd/j/josephrb/s5p-20260926/bank_detector	--config	R	--iters	5	--threads	32	--hypothesis	docs/orchestration/state/s5p/ratios/nullsJ/null-mnvtune_v1-J.json	--pseudo-seeds	1201756:1201761	--tag	cal_MnvTune_v1	--out	/pscratch/sd/j/josephrb/s5p-20260926/runs/prod/cal/MnvTune_v1
cal-MnvTune_v1-b8_27	s5p_nullexp.py	--npz	/pscratch/sd/j/josephrb/MINERvA-OmniFold/nd-unfolding/of_inputs_5d.npz	--bkg	/pscratch/sd/j/josephrb/s5c-20260924/runs/p2/bkg_dump.npz	--bank	/pscratch/sd/j/josephrb/MINERvA-OmniFold/nd-unfolding/bank_sweep_5d_bkgaware	--expect-npz-sha256	07fccc1abc7204bc29349b4ba96850986fe91e909e83fc54e8d1a6b3922a649f	--expect-bkg-sha256	2addac8f26055c5ed69862e7afe29e12ac51dbe23a8d6eeed79d71bec9d82955	--detector-dir	/pscratch/sd/j/josephrb/s5p-20260926/bank_detector	--config	R	--iters	5	--threads	32	--hypothesis	docs/orchestration/state/s5p/ratios/nullsJ/null-mnvtune_v1-J.json	--pseudo-seeds	1201762:1201767	--tag	cal_MnvTune_v1	--out	/pscratch/sd/j/josephrb/s5p-20260926/runs/prod/cal/MnvTune_v1
cal-MnvTune_v1-b8_28	s5p_nullexp.py	--npz	/pscratch/sd/j/josephrb/MINERvA-OmniFold/nd-unfolding/of_inputs_5d.npz	--bkg	/pscratch/sd/j/josephrb/s5c-20260924/runs/p2/bkg_dump.npz	--bank	/pscratch/sd/j/josephrb/MINERvA-OmniFold/nd-unfolding/bank_sweep_5d_bkgaware	--expect-npz-sha256	07fccc1abc7204bc29349b4ba96850986fe91e909e83fc54e8d1a6b3922a649f	--expect-bkg-sha256	2addac8f26055c5ed69862e7afe29e12ac51dbe23a8d6eeed79d71bec9d82955	--detector-dir	/pscratch/sd/j/josephrb/s5p-20260926/bank_detector	--config	R	--iters	5	--threads	32	--hypothesis	docs/orchestration/state/s5p/ratios/nullsJ/null-mnvtune_v1-J.json	--pseudo-seeds	1201768:1201773	--tag	cal_MnvTune_v1	--out	/pscratch/sd/j/josephrb/s5p-20260926/runs/prod/cal/MnvTune_v1
cal-MnvTune_v1-b8_29	s5p_nullexp.py	--npz	/pscratch/sd/j/josephrb/MINERvA-OmniFold/nd-unfolding/of_inputs_5d.npz	--bkg	/pscratch/sd/j/josephrb/s5c-20260924/runs/p2/bkg_dump.npz	--bank	/pscratch/sd/j/josephrb/MINERvA-OmniFold/nd-unfolding/bank_sweep_5d_bkgaware	--expect-npz-sha256	07fccc1abc7204bc29349b4ba96850986fe91e909e83fc54e8d1a6b3922a649f	--expect-bkg-sha256	2addac8f26055c5ed69862e7afe29e12ac51dbe23a8d6eeed79d71bec9d82955	--detector-dir	/pscratch/sd/j/josephrb/s5p-20260926/bank_detector	--config	R	--iters	5	--threads	32	--hypothesis	docs/orchestration/state/s5p/ratios/nullsJ/null-mnvtune_v1-J.json	--pseudo-seeds	1201774:1201779	--tag	cal_MnvTune_v1	--out	/pscratch/sd/j/josephrb/s5p-20260926/runs/prod/cal/MnvTune_v1
cal-MnvTune_v1-b8_30	s5p_nullexp.py	--npz	/pscratch/sd/j/josephrb/MINERvA-OmniFold/nd-unfolding/of_inputs_5d.npz	--bkg	/pscratch/sd/j/josephrb/s5c-20260924/runs/p2/bkg_dump.npz	--bank	/pscratch/sd/j/josephrb/MINERvA-OmniFold/nd-unfolding/bank_sweep_5d_bkgaware	--expect-npz-sha256	07fccc1abc7204bc29349b4ba96850986fe91e909e83fc54e8d1a6b3922a649f	--expect-bkg-sha256	2addac8f26055c5ed69862e7afe29e12ac51dbe23a8d6eeed79d71bec9d82955	--detector-dir	/pscratch/sd/j/josephrb/s5p-20260926/bank_detector	--config	R	--iters	5	--threads	32	--hypothesis	docs/orchestration/state/s5p/ratios/nullsJ/null-mnvtune_v1-J.json	--pseudo-seeds	1201780:1201785	--tag	cal_MnvTune_v1	--out	/pscratch/sd/j/josephrb/s5p-20260926/runs/prod/cal/MnvTune_v1
cal-MnvTune_v1-b8_31	s5p_nullexp.py	--npz	/pscratch/sd/j/josephrb/MINERvA-OmniFold/nd-unfolding/of_inputs_5d.npz	--bkg	/pscratch/sd/j/josephrb/s5c-20260924/runs/p2/bkg_dump.npz	--bank	/pscratch/sd/j/josephrb/MINERvA-OmniFold/nd-unfolding/bank_sweep_5d_bkgaware	--expect-npz-sha256	07fccc1abc7204bc29349b4ba96850986fe91e909e83fc54e8d1a6b3922a649f	--expect-bkg-sha256	2addac8f26055c5ed69862e7afe29e12ac51dbe23a8d6eeed79d71bec9d82955	--detector-dir	/pscratch/sd/j/josephrb/s5p-20260926/bank_detector	--config	R	--iters	5	--threads	32	--hypothesis	docs/orchestration/state/s5p/ratios/nullsJ/null-mnvtune_v1-J.json	--pseudo-seeds	1201786:1201791	--tag	cal_MnvTune_v1	--out	/pscratch/sd/j/josephrb/s5p-20260926/runs/prod/cal/MnvTune_v1
cal-MnvTune_v1-b8_32	s5p_nullexp.py	--npz	/pscratch/sd/j/josephrb/MINERvA-OmniFold/nd-unfolding/of_inputs_5d.npz	--bkg	/pscratch/sd/j/josephrb/s5c-20260924/runs/p2/bkg_dump.npz	--bank	/pscratch/sd/j/josephrb/MINERvA-OmniFold/nd-unfolding/bank_sweep_5d_bkgaware	--expect-npz-sha256	07fccc1abc7204bc29349b4ba96850986fe91e909e83fc54e8d1a6b3922a649f	--expect-bkg-sha256	2addac8f26055c5ed69862e7afe29e12ac51dbe23a8d6eeed79d71bec9d82955	--detector-dir	/pscratch/sd/j/josephrb/s5p-20260926/bank_detector	--config	R	--iters	5	--threads	32	--hypothesis	docs/orchestration/state/s5p/ratios/nullsJ/null-mnvtune_v1-J.json	--pseudo-seeds	1201792:1201797	--tag	cal_MnvTune_v1	--out	/pscratch/sd/j/josephrb/s5p-20260926/runs/prod/cal/MnvTune_v1
cal-MnvTune_v1-b8_33	s5p_nullexp.py	--npz	/pscratch/sd/j/josephrb/MINERvA-OmniFold/nd-unfolding/of_inputs_5d.npz	--bkg	/pscratch/sd/j/josephrb/s5c-20260924/runs/p2/bkg_dump.npz	--bank	/pscratch/sd/j/josephrb/MINERvA-OmniFold/nd-unfolding/bank_sweep_5d_bkgaware	--expect-npz-sha256	07fccc1abc7204bc29349b4ba96850986fe91e909e83fc54e8d1a6b3922a649f	--expect-bkg-sha256	2addac8f26055c5ed69862e7afe29e12ac51dbe23a8d6eeed79d71bec9d82955	--detector-dir	/pscratch/sd/j/josephrb/s5p-20260926/bank_detector	--config	R	--iters	5	--threads	32	--hypothesis	docs/orchestration/state/s5p/ratios/nullsJ/null-mnvtune_v1-J.json	--pseudo-seeds	1201798:1201799	--tag	cal_MnvTune_v1	--out	/pscratch/sd/j/josephrb/s5p-20260926/runs/prod/cal/MnvTune_v1
