# s5p production: calibration batch 5 of NuWro_21_09, seeds 1261000-1261199
cal-NuWro_21_09-b5_0	s5p_nullexp.py	--npz	/pscratch/sd/j/josephrb/MINERvA-OmniFold/nd-unfolding/of_inputs_5d.npz	--bkg	/pscratch/sd/j/josephrb/s5c-20260924/runs/p2/bkg_dump.npz	--bank	/pscratch/sd/j/josephrb/MINERvA-OmniFold/nd-unfolding/bank_sweep_5d_bkgaware	--expect-npz-sha256	07fccc1abc7204bc29349b4ba96850986fe91e909e83fc54e8d1a6b3922a649f	--expect-bkg-sha256	2addac8f26055c5ed69862e7afe29e12ac51dbe23a8d6eeed79d71bec9d82955	--detector-dir	/pscratch/sd/j/josephrb/s5p-20260926/bank_detector	--config	R	--iters	5	--threads	32	--hypothesis	docs/orchestration/state/s5p/ratios/nullsF/null-nuwro_cv-F.json	--pseudo-seeds	1261000:1261005	--tag	cal_NuWro_21_09	--out	/pscratch/sd/j/josephrb/s5p-20260926/runs/prod/cal/NuWro_21_09
cal-NuWro_21_09-b5_1	s5p_nullexp.py	--npz	/pscratch/sd/j/josephrb/MINERvA-OmniFold/nd-unfolding/of_inputs_5d.npz	--bkg	/pscratch/sd/j/josephrb/s5c-20260924/runs/p2/bkg_dump.npz	--bank	/pscratch/sd/j/josephrb/MINERvA-OmniFold/nd-unfolding/bank_sweep_5d_bkgaware	--expect-npz-sha256	07fccc1abc7204bc29349b4ba96850986fe91e909e83fc54e8d1a6b3922a649f	--expect-bkg-sha256	2addac8f26055c5ed69862e7afe29e12ac51dbe23a8d6eeed79d71bec9d82955	--detector-dir	/pscratch/sd/j/josephrb/s5p-20260926/bank_detector	--config	R	--iters	5	--threads	32	--hypothesis	docs/orchestration/state/s5p/ratios/nullsF/null-nuwro_cv-F.json	--pseudo-seeds	1261006:1261011	--tag	cal_NuWro_21_09	--out	/pscratch/sd/j/josephrb/s5p-20260926/runs/prod/cal/NuWro_21_09
cal-NuWro_21_09-b5_2	s5p_nullexp.py	--npz	/pscratch/sd/j/josephrb/MINERvA-OmniFold/nd-unfolding/of_inputs_5d.npz	--bkg	/pscratch/sd/j/josephrb/s5c-20260924/runs/p2/bkg_dump.npz	--bank	/pscratch/sd/j/josephrb/MINERvA-OmniFold/nd-unfolding/bank_sweep_5d_bkgaware	--expect-npz-sha256	07fccc1abc7204bc29349b4ba96850986fe91e909e83fc54e8d1a6b3922a649f	--expect-bkg-sha256	2addac8f26055c5ed69862e7afe29e12ac51dbe23a8d6eeed79d71bec9d82955	--detector-dir	/pscratch/sd/j/josephrb/s5p-20260926/bank_detector	--config	R	--iters	5	--threads	32	--hypothesis	docs/orchestration/state/s5p/ratios/nullsF/null-nuwro_cv-F.json	--pseudo-seeds	1261012:1261017	--tag	cal_NuWro_21_09	--out	/pscratch/sd/j/josephrb/s5p-20260926/runs/prod/cal/NuWro_21_09
cal-NuWro_21_09-b5_3	s5p_nullexp.py	--npz	/pscratch/sd/j/josephrb/MINERvA-OmniFold/nd-unfolding/of_inputs_5d.npz	--bkg	/pscratch/sd/j/josephrb/s5c-20260924/runs/p2/bkg_dump.npz	--bank	/pscratch/sd/j/josephrb/MINERvA-OmniFold/nd-unfolding/bank_sweep_5d_bkgaware	--expect-npz-sha256	07fccc1abc7204bc29349b4ba96850986fe91e909e83fc54e8d1a6b3922a649f	--expect-bkg-sha256	2addac8f26055c5ed69862e7afe29e12ac51dbe23a8d6eeed79d71bec9d82955	--detector-dir	/pscratch/sd/j/josephrb/s5p-20260926/bank_detector	--config	R	--iters	5	--threads	32	--hypothesis	docs/orchestration/state/s5p/ratios/nullsF/null-nuwro_cv-F.json	--pseudo-seeds	1261018:1261023	--tag	cal_NuWro_21_09	--out	/pscratch/sd/j/josephrb/s5p-20260926/runs/prod/cal/NuWro_21_09
cal-NuWro_21_09-b5_4	s5p_nullexp.py	--npz	/pscratch/sd/j/josephrb/MINERvA-OmniFold/nd-unfolding/of_inputs_5d.npz	--bkg	/pscratch/sd/j/josephrb/s5c-20260924/runs/p2/bkg_dump.npz	--bank	/pscratch/sd/j/josephrb/MINERvA-OmniFold/nd-unfolding/bank_sweep_5d_bkgaware	--expect-npz-sha256	07fccc1abc7204bc29349b4ba96850986fe91e909e83fc54e8d1a6b3922a649f	--expect-bkg-sha256	2addac8f26055c5ed69862e7afe29e12ac51dbe23a8d6eeed79d71bec9d82955	--detector-dir	/pscratch/sd/j/josephrb/s5p-20260926/bank_detector	--config	R	--iters	5	--threads	32	--hypothesis	docs/orchestration/state/s5p/ratios/nullsF/null-nuwro_cv-F.json	--pseudo-seeds	1261024:1261029	--tag	cal_NuWro_21_09	--out	/pscratch/sd/j/josephrb/s5p-20260926/runs/prod/cal/NuWro_21_09
cal-NuWro_21_09-b5_5	s5p_nullexp.py	--npz	/pscratch/sd/j/josephrb/MINERvA-OmniFold/nd-unfolding/of_inputs_5d.npz	--bkg	/pscratch/sd/j/josephrb/s5c-20260924/runs/p2/bkg_dump.npz	--bank	/pscratch/sd/j/josephrb/MINERvA-OmniFold/nd-unfolding/bank_sweep_5d_bkgaware	--expect-npz-sha256	07fccc1abc7204bc29349b4ba96850986fe91e909e83fc54e8d1a6b3922a649f	--expect-bkg-sha256	2addac8f26055c5ed69862e7afe29e12ac51dbe23a8d6eeed79d71bec9d82955	--detector-dir	/pscratch/sd/j/josephrb/s5p-20260926/bank_detector	--config	R	--iters	5	--threads	32	--hypothesis	docs/orchestration/state/s5p/ratios/nullsF/null-nuwro_cv-F.json	--pseudo-seeds	1261030:1261035	--tag	cal_NuWro_21_09	--out	/pscratch/sd/j/josephrb/s5p-20260926/runs/prod/cal/NuWro_21_09
cal-NuWro_21_09-b5_6	s5p_nullexp.py	--npz	/pscratch/sd/j/josephrb/MINERvA-OmniFold/nd-unfolding/of_inputs_5d.npz	--bkg	/pscratch/sd/j/josephrb/s5c-20260924/runs/p2/bkg_dump.npz	--bank	/pscratch/sd/j/josephrb/MINERvA-OmniFold/nd-unfolding/bank_sweep_5d_bkgaware	--expect-npz-sha256	07fccc1abc7204bc29349b4ba96850986fe91e909e83fc54e8d1a6b3922a649f	--expect-bkg-sha256	2addac8f26055c5ed69862e7afe29e12ac51dbe23a8d6eeed79d71bec9d82955	--detector-dir	/pscratch/sd/j/josephrb/s5p-20260926/bank_detector	--config	R	--iters	5	--threads	32	--hypothesis	docs/orchestration/state/s5p/ratios/nullsF/null-nuwro_cv-F.json	--pseudo-seeds	1261036:1261041	--tag	cal_NuWro_21_09	--out	/pscratch/sd/j/josephrb/s5p-20260926/runs/prod/cal/NuWro_21_09
cal-NuWro_21_09-b5_7	s5p_nullexp.py	--npz	/pscratch/sd/j/josephrb/MINERvA-OmniFold/nd-unfolding/of_inputs_5d.npz	--bkg	/pscratch/sd/j/josephrb/s5c-20260924/runs/p2/bkg_dump.npz	--bank	/pscratch/sd/j/josephrb/MINERvA-OmniFold/nd-unfolding/bank_sweep_5d_bkgaware	--expect-npz-sha256	07fccc1abc7204bc29349b4ba96850986fe91e909e83fc54e8d1a6b3922a649f	--expect-bkg-sha256	2addac8f26055c5ed69862e7afe29e12ac51dbe23a8d6eeed79d71bec9d82955	--detector-dir	/pscratch/sd/j/josephrb/s5p-20260926/bank_detector	--config	R	--iters	5	--threads	32	--hypothesis	docs/orchestration/state/s5p/ratios/nullsF/null-nuwro_cv-F.json	--pseudo-seeds	1261042:1261047	--tag	cal_NuWro_21_09	--out	/pscratch/sd/j/josephrb/s5p-20260926/runs/prod/cal/NuWro_21_09
cal-NuWro_21_09-b5_8	s5p_nullexp.py	--npz	/pscratch/sd/j/josephrb/MINERvA-OmniFold/nd-unfolding/of_inputs_5d.npz	--bkg	/pscratch/sd/j/josephrb/s5c-20260924/runs/p2/bkg_dump.npz	--bank	/pscratch/sd/j/josephrb/MINERvA-OmniFold/nd-unfolding/bank_sweep_5d_bkgaware	--expect-npz-sha256	07fccc1abc7204bc29349b4ba96850986fe91e909e83fc54e8d1a6b3922a649f	--expect-bkg-sha256	2addac8f26055c5ed69862e7afe29e12ac51dbe23a8d6eeed79d71bec9d82955	--detector-dir	/pscratch/sd/j/josephrb/s5p-20260926/bank_detector	--config	R	--iters	5	--threads	32	--hypothesis	docs/orchestration/state/s5p/ratios/nullsF/null-nuwro_cv-F.json	--pseudo-seeds	1261048:1261053	--tag	cal_NuWro_21_09	--out	/pscratch/sd/j/josephrb/s5p-20260926/runs/prod/cal/NuWro_21_09
cal-NuWro_21_09-b5_9	s5p_nullexp.py	--npz	/pscratch/sd/j/josephrb/MINERvA-OmniFold/nd-unfolding/of_inputs_5d.npz	--bkg	/pscratch/sd/j/josephrb/s5c-20260924/runs/p2/bkg_dump.npz	--bank	/pscratch/sd/j/josephrb/MINERvA-OmniFold/nd-unfolding/bank_sweep_5d_bkgaware	--expect-npz-sha256	07fccc1abc7204bc29349b4ba96850986fe91e909e83fc54e8d1a6b3922a649f	--expect-bkg-sha256	2addac8f26055c5ed69862e7afe29e12ac51dbe23a8d6eeed79d71bec9d82955	--detector-dir	/pscratch/sd/j/josephrb/s5p-20260926/bank_detector	--config	R	--iters	5	--threads	32	--hypothesis	docs/orchestration/state/s5p/ratios/nullsF/null-nuwro_cv-F.json	--pseudo-seeds	1261054:1261059	--tag	cal_NuWro_21_09	--out	/pscratch/sd/j/josephrb/s5p-20260926/runs/prod/cal/NuWro_21_09
cal-NuWro_21_09-b5_10	s5p_nullexp.py	--npz	/pscratch/sd/j/josephrb/MINERvA-OmniFold/nd-unfolding/of_inputs_5d.npz	--bkg	/pscratch/sd/j/josephrb/s5c-20260924/runs/p2/bkg_dump.npz	--bank	/pscratch/sd/j/josephrb/MINERvA-OmniFold/nd-unfolding/bank_sweep_5d_bkgaware	--expect-npz-sha256	07fccc1abc7204bc29349b4ba96850986fe91e909e83fc54e8d1a6b3922a649f	--expect-bkg-sha256	2addac8f26055c5ed69862e7afe29e12ac51dbe23a8d6eeed79d71bec9d82955	--detector-dir	/pscratch/sd/j/josephrb/s5p-20260926/bank_detector	--config	R	--iters	5	--threads	32	--hypothesis	docs/orchestration/state/s5p/ratios/nullsF/null-nuwro_cv-F.json	--pseudo-seeds	1261060:1261065	--tag	cal_NuWro_21_09	--out	/pscratch/sd/j/josephrb/s5p-20260926/runs/prod/cal/NuWro_21_09
cal-NuWro_21_09-b5_11	s5p_nullexp.py	--npz	/pscratch/sd/j/josephrb/MINERvA-OmniFold/nd-unfolding/of_inputs_5d.npz	--bkg	/pscratch/sd/j/josephrb/s5c-20260924/runs/p2/bkg_dump.npz	--bank	/pscratch/sd/j/josephrb/MINERvA-OmniFold/nd-unfolding/bank_sweep_5d_bkgaware	--expect-npz-sha256	07fccc1abc7204bc29349b4ba96850986fe91e909e83fc54e8d1a6b3922a649f	--expect-bkg-sha256	2addac8f26055c5ed69862e7afe29e12ac51dbe23a8d6eeed79d71bec9d82955	--detector-dir	/pscratch/sd/j/josephrb/s5p-20260926/bank_detector	--config	R	--iters	5	--threads	32	--hypothesis	docs/orchestration/state/s5p/ratios/nullsF/null-nuwro_cv-F.json	--pseudo-seeds	1261066:1261071	--tag	cal_NuWro_21_09	--out	/pscratch/sd/j/josephrb/s5p-20260926/runs/prod/cal/NuWro_21_09
cal-NuWro_21_09-b5_12	s5p_nullexp.py	--npz	/pscratch/sd/j/josephrb/MINERvA-OmniFold/nd-unfolding/of_inputs_5d.npz	--bkg	/pscratch/sd/j/josephrb/s5c-20260924/runs/p2/bkg_dump.npz	--bank	/pscratch/sd/j/josephrb/MINERvA-OmniFold/nd-unfolding/bank_sweep_5d_bkgaware	--expect-npz-sha256	07fccc1abc7204bc29349b4ba96850986fe91e909e83fc54e8d1a6b3922a649f	--expect-bkg-sha256	2addac8f26055c5ed69862e7afe29e12ac51dbe23a8d6eeed79d71bec9d82955	--detector-dir	/pscratch/sd/j/josephrb/s5p-20260926/bank_detector	--config	R	--iters	5	--threads	32	--hypothesis	docs/orchestration/state/s5p/ratios/nullsF/null-nuwro_cv-F.json	--pseudo-seeds	1261072:1261077	--tag	cal_NuWro_21_09	--out	/pscratch/sd/j/josephrb/s5p-20260926/runs/prod/cal/NuWro_21_09
cal-NuWro_21_09-b5_13	s5p_nullexp.py	--npz	/pscratch/sd/j/josephrb/MINERvA-OmniFold/nd-unfolding/of_inputs_5d.npz	--bkg	/pscratch/sd/j/josephrb/s5c-20260924/runs/p2/bkg_dump.npz	--bank	/pscratch/sd/j/josephrb/MINERvA-OmniFold/nd-unfolding/bank_sweep_5d_bkgaware	--expect-npz-sha256	07fccc1abc7204bc29349b4ba96850986fe91e909e83fc54e8d1a6b3922a649f	--expect-bkg-sha256	2addac8f26055c5ed69862e7afe29e12ac51dbe23a8d6eeed79d71bec9d82955	--detector-dir	/pscratch/sd/j/josephrb/s5p-20260926/bank_detector	--config	R	--iters	5	--threads	32	--hypothesis	docs/orchestration/state/s5p/ratios/nullsF/null-nuwro_cv-F.json	--pseudo-seeds	1261078:1261083	--tag	cal_NuWro_21_09	--out	/pscratch/sd/j/josephrb/s5p-20260926/runs/prod/cal/NuWro_21_09
cal-NuWro_21_09-b5_14	s5p_nullexp.py	--npz	/pscratch/sd/j/josephrb/MINERvA-OmniFold/nd-unfolding/of_inputs_5d.npz	--bkg	/pscratch/sd/j/josephrb/s5c-20260924/runs/p2/bkg_dump.npz	--bank	/pscratch/sd/j/josephrb/MINERvA-OmniFold/nd-unfolding/bank_sweep_5d_bkgaware	--expect-npz-sha256	07fccc1abc7204bc29349b4ba96850986fe91e909e83fc54e8d1a6b3922a649f	--expect-bkg-sha256	2addac8f26055c5ed69862e7afe29e12ac51dbe23a8d6eeed79d71bec9d82955	--detector-dir	/pscratch/sd/j/josephrb/s5p-20260926/bank_detector	--config	R	--iters	5	--threads	32	--hypothesis	docs/orchestration/state/s5p/ratios/nullsF/null-nuwro_cv-F.json	--pseudo-seeds	1261084:1261089	--tag	cal_NuWro_21_09	--out	/pscratch/sd/j/josephrb/s5p-20260926/runs/prod/cal/NuWro_21_09
cal-NuWro_21_09-b5_15	s5p_nullexp.py	--npz	/pscratch/sd/j/josephrb/MINERvA-OmniFold/nd-unfolding/of_inputs_5d.npz	--bkg	/pscratch/sd/j/josephrb/s5c-20260924/runs/p2/bkg_dump.npz	--bank	/pscratch/sd/j/josephrb/MINERvA-OmniFold/nd-unfolding/bank_sweep_5d_bkgaware	--expect-npz-sha256	07fccc1abc7204bc29349b4ba96850986fe91e909e83fc54e8d1a6b3922a649f	--expect-bkg-sha256	2addac8f26055c5ed69862e7afe29e12ac51dbe23a8d6eeed79d71bec9d82955	--detector-dir	/pscratch/sd/j/josephrb/s5p-20260926/bank_detector	--config	R	--iters	5	--threads	32	--hypothesis	docs/orchestration/state/s5p/ratios/nullsF/null-nuwro_cv-F.json	--pseudo-seeds	1261090:1261095	--tag	cal_NuWro_21_09	--out	/pscratch/sd/j/josephrb/s5p-20260926/runs/prod/cal/NuWro_21_09
cal-NuWro_21_09-b5_16	s5p_nullexp.py	--npz	/pscratch/sd/j/josephrb/MINERvA-OmniFold/nd-unfolding/of_inputs_5d.npz	--bkg	/pscratch/sd/j/josephrb/s5c-20260924/runs/p2/bkg_dump.npz	--bank	/pscratch/sd/j/josephrb/MINERvA-OmniFold/nd-unfolding/bank_sweep_5d_bkgaware	--expect-npz-sha256	07fccc1abc7204bc29349b4ba96850986fe91e909e83fc54e8d1a6b3922a649f	--expect-bkg-sha256	2addac8f26055c5ed69862e7afe29e12ac51dbe23a8d6eeed79d71bec9d82955	--detector-dir	/pscratch/sd/j/josephrb/s5p-20260926/bank_detector	--config	R	--iters	5	--threads	32	--hypothesis	docs/orchestration/state/s5p/ratios/nullsF/null-nuwro_cv-F.json	--pseudo-seeds	1261096:1261101	--tag	cal_NuWro_21_09	--out	/pscratch/sd/j/josephrb/s5p-20260926/runs/prod/cal/NuWro_21_09
cal-NuWro_21_09-b5_17	s5p_nullexp.py	--npz	/pscratch/sd/j/josephrb/MINERvA-OmniFold/nd-unfolding/of_inputs_5d.npz	--bkg	/pscratch/sd/j/josephrb/s5c-20260924/runs/p2/bkg_dump.npz	--bank	/pscratch/sd/j/josephrb/MINERvA-OmniFold/nd-unfolding/bank_sweep_5d_bkgaware	--expect-npz-sha256	07fccc1abc7204bc29349b4ba96850986fe91e909e83fc54e8d1a6b3922a649f	--expect-bkg-sha256	2addac8f26055c5ed69862e7afe29e12ac51dbe23a8d6eeed79d71bec9d82955	--detector-dir	/pscratch/sd/j/josephrb/s5p-20260926/bank_detector	--config	R	--iters	5	--threads	32	--hypothesis	docs/orchestration/state/s5p/ratios/nullsF/null-nuwro_cv-F.json	--pseudo-seeds	1261102:1261107	--tag	cal_NuWro_21_09	--out	/pscratch/sd/j/josephrb/s5p-20260926/runs/prod/cal/NuWro_21_09
cal-NuWro_21_09-b5_18	s5p_nullexp.py	--npz	/pscratch/sd/j/josephrb/MINERvA-OmniFold/nd-unfolding/of_inputs_5d.npz	--bkg	/pscratch/sd/j/josephrb/s5c-20260924/runs/p2/bkg_dump.npz	--bank	/pscratch/sd/j/josephrb/MINERvA-OmniFold/nd-unfolding/bank_sweep_5d_bkgaware	--expect-npz-sha256	07fccc1abc7204bc29349b4ba96850986fe91e909e83fc54e8d1a6b3922a649f	--expect-bkg-sha256	2addac8f26055c5ed69862e7afe29e12ac51dbe23a8d6eeed79d71bec9d82955	--detector-dir	/pscratch/sd/j/josephrb/s5p-20260926/bank_detector	--config	R	--iters	5	--threads	32	--hypothesis	docs/orchestration/state/s5p/ratios/nullsF/null-nuwro_cv-F.json	--pseudo-seeds	1261108:1261113	--tag	cal_NuWro_21_09	--out	/pscratch/sd/j/josephrb/s5p-20260926/runs/prod/cal/NuWro_21_09
cal-NuWro_21_09-b5_19	s5p_nullexp.py	--npz	/pscratch/sd/j/josephrb/MINERvA-OmniFold/nd-unfolding/of_inputs_5d.npz	--bkg	/pscratch/sd/j/josephrb/s5c-20260924/runs/p2/bkg_dump.npz	--bank	/pscratch/sd/j/josephrb/MINERvA-OmniFold/nd-unfolding/bank_sweep_5d_bkgaware	--expect-npz-sha256	07fccc1abc7204bc29349b4ba96850986fe91e909e83fc54e8d1a6b3922a649f	--expect-bkg-sha256	2addac8f26055c5ed69862e7afe29e12ac51dbe23a8d6eeed79d71bec9d82955	--detector-dir	/pscratch/sd/j/josephrb/s5p-20260926/bank_detector	--config	R	--iters	5	--threads	32	--hypothesis	docs/orchestration/state/s5p/ratios/nullsF/null-nuwro_cv-F.json	--pseudo-seeds	1261114:1261119	--tag	cal_NuWro_21_09	--out	/pscratch/sd/j/josephrb/s5p-20260926/runs/prod/cal/NuWro_21_09
cal-NuWro_21_09-b5_20	s5p_nullexp.py	--npz	/pscratch/sd/j/josephrb/MINERvA-OmniFold/nd-unfolding/of_inputs_5d.npz	--bkg	/pscratch/sd/j/josephrb/s5c-20260924/runs/p2/bkg_dump.npz	--bank	/pscratch/sd/j/josephrb/MINERvA-OmniFold/nd-unfolding/bank_sweep_5d_bkgaware	--expect-npz-sha256	07fccc1abc7204bc29349b4ba96850986fe91e909e83fc54e8d1a6b3922a649f	--expect-bkg-sha256	2addac8f26055c5ed69862e7afe29e12ac51dbe23a8d6eeed79d71bec9d82955	--detector-dir	/pscratch/sd/j/josephrb/s5p-20260926/bank_detector	--config	R	--iters	5	--threads	32	--hypothesis	docs/orchestration/state/s5p/ratios/nullsF/null-nuwro_cv-F.json	--pseudo-seeds	1261120:1261125	--tag	cal_NuWro_21_09	--out	/pscratch/sd/j/josephrb/s5p-20260926/runs/prod/cal/NuWro_21_09
cal-NuWro_21_09-b5_21	s5p_nullexp.py	--npz	/pscratch/sd/j/josephrb/MINERvA-OmniFold/nd-unfolding/of_inputs_5d.npz	--bkg	/pscratch/sd/j/josephrb/s5c-20260924/runs/p2/bkg_dump.npz	--bank	/pscratch/sd/j/josephrb/MINERvA-OmniFold/nd-unfolding/bank_sweep_5d_bkgaware	--expect-npz-sha256	07fccc1abc7204bc29349b4ba96850986fe91e909e83fc54e8d1a6b3922a649f	--expect-bkg-sha256	2addac8f26055c5ed69862e7afe29e12ac51dbe23a8d6eeed79d71bec9d82955	--detector-dir	/pscratch/sd/j/josephrb/s5p-20260926/bank_detector	--config	R	--iters	5	--threads	32	--hypothesis	docs/orchestration/state/s5p/ratios/nullsF/null-nuwro_cv-F.json	--pseudo-seeds	1261126:1261131	--tag	cal_NuWro_21_09	--out	/pscratch/sd/j/josephrb/s5p-20260926/runs/prod/cal/NuWro_21_09
cal-NuWro_21_09-b5_22	s5p_nullexp.py	--npz	/pscratch/sd/j/josephrb/MINERvA-OmniFold/nd-unfolding/of_inputs_5d.npz	--bkg	/pscratch/sd/j/josephrb/s5c-20260924/runs/p2/bkg_dump.npz	--bank	/pscratch/sd/j/josephrb/MINERvA-OmniFold/nd-unfolding/bank_sweep_5d_bkgaware	--expect-npz-sha256	07fccc1abc7204bc29349b4ba96850986fe91e909e83fc54e8d1a6b3922a649f	--expect-bkg-sha256	2addac8f26055c5ed69862e7afe29e12ac51dbe23a8d6eeed79d71bec9d82955	--detector-dir	/pscratch/sd/j/josephrb/s5p-20260926/bank_detector	--config	R	--iters	5	--threads	32	--hypothesis	docs/orchestration/state/s5p/ratios/nullsF/null-nuwro_cv-F.json	--pseudo-seeds	1261132:1261137	--tag	cal_NuWro_21_09	--out	/pscratch/sd/j/josephrb/s5p-20260926/runs/prod/cal/NuWro_21_09
cal-NuWro_21_09-b5_23	s5p_nullexp.py	--npz	/pscratch/sd/j/josephrb/MINERvA-OmniFold/nd-unfolding/of_inputs_5d.npz	--bkg	/pscratch/sd/j/josephrb/s5c-20260924/runs/p2/bkg_dump.npz	--bank	/pscratch/sd/j/josephrb/MINERvA-OmniFold/nd-unfolding/bank_sweep_5d_bkgaware	--expect-npz-sha256	07fccc1abc7204bc29349b4ba96850986fe91e909e83fc54e8d1a6b3922a649f	--expect-bkg-sha256	2addac8f26055c5ed69862e7afe29e12ac51dbe23a8d6eeed79d71bec9d82955	--detector-dir	/pscratch/sd/j/josephrb/s5p-20260926/bank_detector	--config	R	--iters	5	--threads	32	--hypothesis	docs/orchestration/state/s5p/ratios/nullsF/null-nuwro_cv-F.json	--pseudo-seeds	1261138:1261143	--tag	cal_NuWro_21_09	--out	/pscratch/sd/j/josephrb/s5p-20260926/runs/prod/cal/NuWro_21_09
cal-NuWro_21_09-b5_24	s5p_nullexp.py	--npz	/pscratch/sd/j/josephrb/MINERvA-OmniFold/nd-unfolding/of_inputs_5d.npz	--bkg	/pscratch/sd/j/josephrb/s5c-20260924/runs/p2/bkg_dump.npz	--bank	/pscratch/sd/j/josephrb/MINERvA-OmniFold/nd-unfolding/bank_sweep_5d_bkgaware	--expect-npz-sha256	07fccc1abc7204bc29349b4ba96850986fe91e909e83fc54e8d1a6b3922a649f	--expect-bkg-sha256	2addac8f26055c5ed69862e7afe29e12ac51dbe23a8d6eeed79d71bec9d82955	--detector-dir	/pscratch/sd/j/josephrb/s5p-20260926/bank_detector	--config	R	--iters	5	--threads	32	--hypothesis	docs/orchestration/state/s5p/ratios/nullsF/null-nuwro_cv-F.json	--pseudo-seeds	1261144:1261149	--tag	cal_NuWro_21_09	--out	/pscratch/sd/j/josephrb/s5p-20260926/runs/prod/cal/NuWro_21_09
cal-NuWro_21_09-b5_25	s5p_nullexp.py	--npz	/pscratch/sd/j/josephrb/MINERvA-OmniFold/nd-unfolding/of_inputs_5d.npz	--bkg	/pscratch/sd/j/josephrb/s5c-20260924/runs/p2/bkg_dump.npz	--bank	/pscratch/sd/j/josephrb/MINERvA-OmniFold/nd-unfolding/bank_sweep_5d_bkgaware	--expect-npz-sha256	07fccc1abc7204bc29349b4ba96850986fe91e909e83fc54e8d1a6b3922a649f	--expect-bkg-sha256	2addac8f26055c5ed69862e7afe29e12ac51dbe23a8d6eeed79d71bec9d82955	--detector-dir	/pscratch/sd/j/josephrb/s5p-20260926/bank_detector	--config	R	--iters	5	--threads	32	--hypothesis	docs/orchestration/state/s5p/ratios/nullsF/null-nuwro_cv-F.json	--pseudo-seeds	1261150:1261155	--tag	cal_NuWro_21_09	--out	/pscratch/sd/j/josephrb/s5p-20260926/runs/prod/cal/NuWro_21_09
cal-NuWro_21_09-b5_26	s5p_nullexp.py	--npz	/pscratch/sd/j/josephrb/MINERvA-OmniFold/nd-unfolding/of_inputs_5d.npz	--bkg	/pscratch/sd/j/josephrb/s5c-20260924/runs/p2/bkg_dump.npz	--bank	/pscratch/sd/j/josephrb/MINERvA-OmniFold/nd-unfolding/bank_sweep_5d_bkgaware	--expect-npz-sha256	07fccc1abc7204bc29349b4ba96850986fe91e909e83fc54e8d1a6b3922a649f	--expect-bkg-sha256	2addac8f26055c5ed69862e7afe29e12ac51dbe23a8d6eeed79d71bec9d82955	--detector-dir	/pscratch/sd/j/josephrb/s5p-20260926/bank_detector	--config	R	--iters	5	--threads	32	--hypothesis	docs/orchestration/state/s5p/ratios/nullsF/null-nuwro_cv-F.json	--pseudo-seeds	1261156:1261161	--tag	cal_NuWro_21_09	--out	/pscratch/sd/j/josephrb/s5p-20260926/runs/prod/cal/NuWro_21_09
cal-NuWro_21_09-b5_27	s5p_nullexp.py	--npz	/pscratch/sd/j/josephrb/MINERvA-OmniFold/nd-unfolding/of_inputs_5d.npz	--bkg	/pscratch/sd/j/josephrb/s5c-20260924/runs/p2/bkg_dump.npz	--bank	/pscratch/sd/j/josephrb/MINERvA-OmniFold/nd-unfolding/bank_sweep_5d_bkgaware	--expect-npz-sha256	07fccc1abc7204bc29349b4ba96850986fe91e909e83fc54e8d1a6b3922a649f	--expect-bkg-sha256	2addac8f26055c5ed69862e7afe29e12ac51dbe23a8d6eeed79d71bec9d82955	--detector-dir	/pscratch/sd/j/josephrb/s5p-20260926/bank_detector	--config	R	--iters	5	--threads	32	--hypothesis	docs/orchestration/state/s5p/ratios/nullsF/null-nuwro_cv-F.json	--pseudo-seeds	1261162:1261167	--tag	cal_NuWro_21_09	--out	/pscratch/sd/j/josephrb/s5p-20260926/runs/prod/cal/NuWro_21_09
cal-NuWro_21_09-b5_28	s5p_nullexp.py	--npz	/pscratch/sd/j/josephrb/MINERvA-OmniFold/nd-unfolding/of_inputs_5d.npz	--bkg	/pscratch/sd/j/josephrb/s5c-20260924/runs/p2/bkg_dump.npz	--bank	/pscratch/sd/j/josephrb/MINERvA-OmniFold/nd-unfolding/bank_sweep_5d_bkgaware	--expect-npz-sha256	07fccc1abc7204bc29349b4ba96850986fe91e909e83fc54e8d1a6b3922a649f	--expect-bkg-sha256	2addac8f26055c5ed69862e7afe29e12ac51dbe23a8d6eeed79d71bec9d82955	--detector-dir	/pscratch/sd/j/josephrb/s5p-20260926/bank_detector	--config	R	--iters	5	--threads	32	--hypothesis	docs/orchestration/state/s5p/ratios/nullsF/null-nuwro_cv-F.json	--pseudo-seeds	1261168:1261173	--tag	cal_NuWro_21_09	--out	/pscratch/sd/j/josephrb/s5p-20260926/runs/prod/cal/NuWro_21_09
cal-NuWro_21_09-b5_29	s5p_nullexp.py	--npz	/pscratch/sd/j/josephrb/MINERvA-OmniFold/nd-unfolding/of_inputs_5d.npz	--bkg	/pscratch/sd/j/josephrb/s5c-20260924/runs/p2/bkg_dump.npz	--bank	/pscratch/sd/j/josephrb/MINERvA-OmniFold/nd-unfolding/bank_sweep_5d_bkgaware	--expect-npz-sha256	07fccc1abc7204bc29349b4ba96850986fe91e909e83fc54e8d1a6b3922a649f	--expect-bkg-sha256	2addac8f26055c5ed69862e7afe29e12ac51dbe23a8d6eeed79d71bec9d82955	--detector-dir	/pscratch/sd/j/josephrb/s5p-20260926/bank_detector	--config	R	--iters	5	--threads	32	--hypothesis	docs/orchestration/state/s5p/ratios/nullsF/null-nuwro_cv-F.json	--pseudo-seeds	1261174:1261179	--tag	cal_NuWro_21_09	--out	/pscratch/sd/j/josephrb/s5p-20260926/runs/prod/cal/NuWro_21_09
cal-NuWro_21_09-b5_30	s5p_nullexp.py	--npz	/pscratch/sd/j/josephrb/MINERvA-OmniFold/nd-unfolding/of_inputs_5d.npz	--bkg	/pscratch/sd/j/josephrb/s5c-20260924/runs/p2/bkg_dump.npz	--bank	/pscratch/sd/j/josephrb/MINERvA-OmniFold/nd-unfolding/bank_sweep_5d_bkgaware	--expect-npz-sha256	07fccc1abc7204bc29349b4ba96850986fe91e909e83fc54e8d1a6b3922a649f	--expect-bkg-sha256	2addac8f26055c5ed69862e7afe29e12ac51dbe23a8d6eeed79d71bec9d82955	--detector-dir	/pscratch/sd/j/josephrb/s5p-20260926/bank_detector	--config	R	--iters	5	--threads	32	--hypothesis	docs/orchestration/state/s5p/ratios/nullsF/null-nuwro_cv-F.json	--pseudo-seeds	1261180:1261185	--tag	cal_NuWro_21_09	--out	/pscratch/sd/j/josephrb/s5p-20260926/runs/prod/cal/NuWro_21_09
cal-NuWro_21_09-b5_31	s5p_nullexp.py	--npz	/pscratch/sd/j/josephrb/MINERvA-OmniFold/nd-unfolding/of_inputs_5d.npz	--bkg	/pscratch/sd/j/josephrb/s5c-20260924/runs/p2/bkg_dump.npz	--bank	/pscratch/sd/j/josephrb/MINERvA-OmniFold/nd-unfolding/bank_sweep_5d_bkgaware	--expect-npz-sha256	07fccc1abc7204bc29349b4ba96850986fe91e909e83fc54e8d1a6b3922a649f	--expect-bkg-sha256	2addac8f26055c5ed69862e7afe29e12ac51dbe23a8d6eeed79d71bec9d82955	--detector-dir	/pscratch/sd/j/josephrb/s5p-20260926/bank_detector	--config	R	--iters	5	--threads	32	--hypothesis	docs/orchestration/state/s5p/ratios/nullsF/null-nuwro_cv-F.json	--pseudo-seeds	1261186:1261191	--tag	cal_NuWro_21_09	--out	/pscratch/sd/j/josephrb/s5p-20260926/runs/prod/cal/NuWro_21_09
cal-NuWro_21_09-b5_32	s5p_nullexp.py	--npz	/pscratch/sd/j/josephrb/MINERvA-OmniFold/nd-unfolding/of_inputs_5d.npz	--bkg	/pscratch/sd/j/josephrb/s5c-20260924/runs/p2/bkg_dump.npz	--bank	/pscratch/sd/j/josephrb/MINERvA-OmniFold/nd-unfolding/bank_sweep_5d_bkgaware	--expect-npz-sha256	07fccc1abc7204bc29349b4ba96850986fe91e909e83fc54e8d1a6b3922a649f	--expect-bkg-sha256	2addac8f26055c5ed69862e7afe29e12ac51dbe23a8d6eeed79d71bec9d82955	--detector-dir	/pscratch/sd/j/josephrb/s5p-20260926/bank_detector	--config	R	--iters	5	--threads	32	--hypothesis	docs/orchestration/state/s5p/ratios/nullsF/null-nuwro_cv-F.json	--pseudo-seeds	1261192:1261197	--tag	cal_NuWro_21_09	--out	/pscratch/sd/j/josephrb/s5p-20260926/runs/prod/cal/NuWro_21_09
cal-NuWro_21_09-b5_33	s5p_nullexp.py	--npz	/pscratch/sd/j/josephrb/MINERvA-OmniFold/nd-unfolding/of_inputs_5d.npz	--bkg	/pscratch/sd/j/josephrb/s5c-20260924/runs/p2/bkg_dump.npz	--bank	/pscratch/sd/j/josephrb/MINERvA-OmniFold/nd-unfolding/bank_sweep_5d_bkgaware	--expect-npz-sha256	07fccc1abc7204bc29349b4ba96850986fe91e909e83fc54e8d1a6b3922a649f	--expect-bkg-sha256	2addac8f26055c5ed69862e7afe29e12ac51dbe23a8d6eeed79d71bec9d82955	--detector-dir	/pscratch/sd/j/josephrb/s5p-20260926/bank_detector	--config	R	--iters	5	--threads	32	--hypothesis	docs/orchestration/state/s5p/ratios/nullsF/null-nuwro_cv-F.json	--pseudo-seeds	1261198:1261199	--tag	cal_NuWro_21_09	--out	/pscratch/sd/j/josephrb/s5p-20260926/runs/prod/cal/NuWro_21_09
