sha256	bytes	mtime_utc	source_path
fbc8575f2ce8d6e884728f6c2f0554f00b0ba9fcdf69100358f575c54d2517bb	398358537	2026-10-06T11:00:46Z	/pscratch/sd/j/josephrb/w2-recoil-20261006/w2b/evloop/rr0/runEventLoopOmniFold_5D_1A_w2b_rr0.root
308d3a3160e193115e5d108a9b084370183c3ca8bb7ad5aad23b8747e9d04d43	106513742	2026-10-06T10:02:20Z	/pscratch/sd/j/josephrb/w2-recoil-20261006/w2b/evloop/rr0/runEventLoopOmniFold_5D_1B_w2b_rr0.root
53c6bbfdb5976db5d15c3b78700f67ae628ff1da5ff5d32cd244f68217ba2c14	204222583	2026-10-06T10:01:18Z	/pscratch/sd/j/josephrb/w2-recoil-20261006/w2b/evloop/rr0/runEventLoopOmniFold_5D_1C_w2b_rr0.root
c10e4ca09223161b4b61ec1f4aca16229580db7b4a31bd1a4827a5ddb2996507	596265832	2026-10-06T11:28:49Z	/pscratch/sd/j/josephrb/w2-recoil-20261006/w2b/evloop/rr0/runEventLoopOmniFold_5D_1D_w2b_rr0.root
6f2b5b2e7c16e6123f59ab0fd15bd19c7f12d0f11cdeee67bd1460dc8ecc461b	495743354	2026-10-06T11:07:17Z	/pscratch/sd/j/josephrb/w2-recoil-20261006/w2b/evloop/rr0/runEventLoopOmniFold_5D_1E_w2b_rr0.root
310e7f40e5c8f8e0cd273bc3c999b471ebcd58c58fca72b9928bdd9d02f24aee	689024184	2026-10-06T11:31:45Z	/pscratch/sd/j/josephrb/w2-recoil-20261006/w2b/evloop/rr0/runEventLoopOmniFold_5D_1F_w2b_rr0.root
c990224ebe2006e51aa3185b23b142286b428e444a980943a1b0dc871504d2a9	581483822	2026-10-06T11:10:54Z	/pscratch/sd/j/josephrb/w2-recoil-20261006/w2b/evloop/rr0/runEventLoopOmniFold_5D_1G_w2b_rr0.root
316259cf0ca5026bb2728b5eb04d2d4632be471cc408b6b62796dd179538ad7f	56585056	2026-10-06T09:56:23Z	/pscratch/sd/j/josephrb/w2-recoil-20261006/w2b/evloop/rr0/runEventLoopOmniFold_5D_1L_w2b_rr0.root
2c12ad0dbb168e1905640131dab1d39540fd8d2f11deb17311a3f6f6f98eb19f	862865275	2026-10-06T12:41:29Z	/pscratch/sd/j/josephrb/w2-recoil-20261006/w2b/evloop/rr0/runEventLoopOmniFold_5D_1M_w2b_rr0.root
383617298a3c6105167458a09a77f5c8d9cdc419a3f9775d0bc0d4c4c943200c	499711053	2026-10-06T11:06:47Z	/pscratch/sd/j/josephrb/w2-recoil-20261006/w2b/evloop/rr0/runEventLoopOmniFold_5D_1N_w2b_rr0.root
e6053b0ce804891c814ff2f3ba57ece928571078369fe3abaeb3418cb7c9d3dc	150939385	2026-10-06T10:17:57Z	/pscratch/sd/j/josephrb/w2-recoil-20261006/w2b/evloop/rr0/runEventLoopOmniFold_5D_1O_w2b_rr0.root
49700dae9e4d04160b24f3e2944da88ea43e6a1e9c54188b9c3cee0b25159ac4	199842239	2026-10-06T10:29:48Z	/pscratch/sd/j/josephrb/w2-recoil-20261006/w2b/evloop/rr0/runEventLoopOmniFold_5D_1P_w2b_rr0.root
508d826da9d0aaab0b2e07070846deb32ef8386cea87bc6ac5e0955c5d10b613	398389861	2026-10-06T10:57:56Z	/pscratch/sd/j/josephrb/w2-recoil-20261006/w2b/evloop/rr1/runEventLoopOmniFold_5D_1A_w2b_rr1.root
cdc61ae837d42c281cff4cedc646a8b67ee6d8bc0226ec55a37624c6e6cae61b	106521566	2026-10-06T10:08:48Z	/pscratch/sd/j/josephrb/w2-recoil-20261006/w2b/evloop/rr1/runEventLoopOmniFold_5D_1B_w2b_rr1.root
265e2fe8a149654b6781bc99fb284eccc13bfbde2d528efff1e54a96d8c4367b	204237238	2026-10-06T10:28:05Z	/pscratch/sd/j/josephrb/w2-recoil-20261006/w2b/evloop/rr1/runEventLoopOmniFold_5D_1C_w2b_rr1.root
b79a2a44039d02401bbeeb6ed4a472a1df117a6f3f33b81439ffc284c39e316e	596310072	2026-10-06T11:27:56Z	/pscratch/sd/j/josephrb/w2-recoil-20261006/w2b/evloop/rr1/runEventLoopOmniFold_5D_1D_w2b_rr1.root
099f93da58f1359107779bb936de68d712441dc8644acfe4451e98b1beb1cddd	495785713	2026-10-06T11:18:11Z	/pscratch/sd/j/josephrb/w2-recoil-20261006/w2b/evloop/rr1/runEventLoopOmniFold_5D_1E_w2b_rr1.root
d96aa9d630e381a20e184bccc3f8705e364d09711877c1093f202dcdd5103309	689074157	2026-10-06T11:41:22Z	/pscratch/sd/j/josephrb/w2-recoil-20261006/w2b/evloop/rr1/runEventLoopOmniFold_5D_1F_w2b_rr1.root
8ab558de4e92601a8f562d4c957f0e897cee0f01fbcd53f1a312c9b473ea3c39	581527529	2026-10-06T11:28:07Z	/pscratch/sd/j/josephrb/w2-recoil-20261006/w2b/evloop/rr1/runEventLoopOmniFold_5D_1G_w2b_rr1.root
3c16183102bfe88b9294e1e32efa28f3ab610dcd356175b4ab45ccffd5abf7a7	56589317	2026-10-06T09:53:29Z	/pscratch/sd/j/josephrb/w2-recoil-20261006/w2b/evloop/rr1/runEventLoopOmniFold_5D_1L_w2b_rr1.root
6dcc8ca33a0422e5fcea1064325c9ab5ffdfed870bec888127b027292d3a957c	862929718	2026-10-06T12:17:46Z	/pscratch/sd/j/josephrb/w2-recoil-20261006/w2b/evloop/rr1/runEventLoopOmniFold_5D_1M_w2b_rr1.root
9ee103306734b496f558894b6fae06ebbd8d43dd8d5ac39fc25958381a41628b	499746609	2026-10-06T11:18:15Z	/pscratch/sd/j/josephrb/w2-recoil-20261006/w2b/evloop/rr1/runEventLoopOmniFold_5D_1N_w2b_rr1.root
9ac6e0bf561b23fa2266ac017ccf2d04a6f196ca3bdb9dd1e8fa0e25d9f5fa5e	150949427	2026-10-06T10:02:39Z	/pscratch/sd/j/josephrb/w2-recoil-20261006/w2b/evloop/rr1/runEventLoopOmniFold_5D_1O_w2b_rr1.root
ebfe63bf90fc86d0ce5e3717029f4991349cd36f48e5d63d9c1a2cea61469291	199855898	2026-10-06T10:04:52Z	/pscratch/sd/j/josephrb/w2-recoil-20261006/w2b/evloop/rr1/runEventLoopOmniFold_5D_1P_w2b_rr1.root
f3845cdfb238cec2f65b7ae661e29378edfd31baa10a0bf303296b5ca53927cf	398375221	2026-10-06T10:25:02Z	/pscratch/sd/j/josephrb/w2-recoil-20261006/w2b/evloop/rrzero/runEventLoopOmniFold_5D_1A_w2b_rrzero.root
57826aa74d82d947011a8b95d9c5434a6d568eea1e1058dc500f0aa2d8d66095	106517430	2026-10-06T09:57:21Z	/pscratch/sd/j/josephrb/w2-recoil-20261006/w2b/evloop/rrzero/runEventLoopOmniFold_5D_1B_w2b_rrzero.root
58a07a138a5a767cab24b5018a1831b0b47144219fb011b79d2fd260503b26b7	204230919	2026-10-06T10:09:49Z	/pscratch/sd/j/josephrb/w2-recoil-20261006/w2b/evloop/rrzero/runEventLoopOmniFold_5D_1C_w2b_rrzero.root
cf595a5c030d8dbe84cd4232bdd61af61b721eebbe661eec19e145f3be4849e2	596287527	2026-10-06T11:58:30Z	/pscratch/sd/j/josephrb/w2-recoil-20261006/w2b/evloop/rrzero/runEventLoopOmniFold_5D_1D_w2b_rrzero.root
042a0abbf5d31b16a08ce397f498355446dcea97e7931ebaf2917870a658d10a	495761069	2026-10-06T11:38:51Z	/pscratch/sd/j/josephrb/w2-recoil-20261006/w2b/evloop/rrzero/runEventLoopOmniFold_5D_1E_w2b_rrzero.root
2d99bacbb170f869293a8ff050860f0e319a07c4444685444d60736023c803bf	689050100	2026-10-06T12:22:47Z	/pscratch/sd/j/josephrb/w2-recoil-20261006/w2b/evloop/rrzero/runEventLoopOmniFold_5D_1F_w2b_rrzero.root
a226db27586610e4858fab7146767512957adf9a6a9693b4df55022fd07b0a35	581507603	2026-10-06T11:55:43Z	/pscratch/sd/j/josephrb/w2-recoil-20261006/w2b/evloop/rrzero/runEventLoopOmniFold_5D_1G_w2b_rrzero.root
b8c21e5ed05aac7fc13eac7f007b20a6a6e6b94b33664c14f37ce1f353cfa7b8	56587482	2026-10-06T09:57:01Z	/pscratch/sd/j/josephrb/w2-recoil-20261006/w2b/evloop/rrzero/runEventLoopOmniFold_5D_1L_w2b_rrzero.root
e1da2b620f3e070b437432914d489658428220a49c4bbe36eeef2e246223fbcc	862899420	2026-10-06T13:19:10Z	/pscratch/sd/j/josephrb/w2-recoil-20261006/w2b/evloop/rrzero/runEventLoopOmniFold_5D_1M_w2b_rrzero.root
24799c0fb2aae2f95073bf8e91b8ee92b4bc95039c0b8d2b0683b7adb320eb4b	499729364	2026-10-06T12:09:29Z	/pscratch/sd/j/josephrb/w2-recoil-20261006/w2b/evloop/rrzero/runEventLoopOmniFold_5D_1N_w2b_rrzero.root
eb46c8c5fde984aadabd9964afc471b7ee9dfbaf87efba1ce088a421847affb0	150950808	2026-10-06T10:15:59Z	/pscratch/sd/j/josephrb/w2-recoil-20261006/w2b/evloop/rrzero/runEventLoopOmniFold_5D_1O_w2b_rrzero.root
0b0922fb7c3331aa5cf8b15601a04839c7cf0f139160aee3dd458479f3c0a236	199854867	2026-10-06T10:26:53Z	/pscratch/sd/j/josephrb/w2-recoil-20261006/w2b/evloop/rrzero/runEventLoopOmniFold_5D_1P_w2b_rrzero.root
45de5c7f54588bf82907a0490302500aa2668c81ac896844b7508854b7a55641	1548308170	2026-10-06T13:33:32Z	/pscratch/sd/j/josephrb/w2-recoil-20261006/w2b/lateral/lat_w2b_rr0.npz
7ab440f4524360badc9703b160faf871d48a031a9da21e99dc75b1fe2d92bd48	28492272	2026-10-06T13:33:35Z	/pscratch/sd/j/josephrb/w2-recoil-20261006/w2b/lateral/lat_w2b_rr0_bkg.npz
4c98d8cbc087e3b32f600b7301673c96e60ab6830b81baa71921934cc6131a0e	1548318853	2026-10-06T13:34:11Z	/pscratch/sd/j/josephrb/w2-recoil-20261006/w2b/lateral/lat_w2b_rr1.npz
6a848eb425ed8ee298ab0e9f4ceabe8fd23b4982272c53f4a50cfed3e33fedd7	28496296	2026-10-06T13:34:14Z	/pscratch/sd/j/josephrb/w2-recoil-20261006/w2b/lateral/lat_w2b_rr1_bkg.npz
6ca02c3d8b09dfd168b5184c03d433a7bd65749f5f6fc4cefecdbed7b6ce052f	1548311762	2026-10-06T13:37:16Z	/pscratch/sd/j/josephrb/w2-recoil-20261006/w2b/lateral/lat_w2b_rrzero.npz
c715d07e02ac8e941c5deccd3c858f71653b997b4e6331e055bbe9144f3c98c3	28494567	2026-10-06T13:37:20Z	/pscratch/sd/j/josephrb/w2-recoil-20261006/w2b/lateral/lat_w2b_rrzero_bkg.npz
034b60e4666b6800ee5628e894f9fe9e85b9839d079e5b9d007a8c69b9db08d9	4841096094	2026-10-06T13:24:38Z	/pscratch/sd/j/josephrb/w2-recoil-20261006/w2b/merged/runEventLoopOmniFold_5D_MEFHC_w2b_rr0.root
e70ea03884502318f5753e4a21d40422517a20d96f054b06a3d7c6d0ba7eceac	4841450305	2026-10-06T13:24:55Z	/pscratch/sd/j/josephrb/w2-recoil-20261006/w2b/merged/runEventLoopOmniFold_5D_MEFHC_w2b_rr1.root
ee2c49ab41147af0bcfa011ff803c11f29edd7f9fe12bdfaa7b256e3aac506aa	4841279168	2026-10-06T13:25:10Z	/pscratch/sd/j/josephrb/w2-recoil-20261006/w2b/merged/runEventLoopOmniFold_5D_MEFHC_w2b_rrzero.root
ec118cf4682c912d4190b2bbaa2db310a46e0f2e6828c0cd989bc52adbd2c13d	1315	2026-10-06T13:38:06Z	/pscratch/sd/j/josephrb/w2-recoil-20261006/w2b/tables/w2b-dump-tasks.tsv
6bc43db1bb6fec79628918f833f3d6a8481c0c8824b9e9d486c4635a58118616	1634	2026-10-06T13:38:13Z	/pscratch/sd/j/josephrb/w2-recoil-20261006/w2b/tables/w2b-unfold-tasks.tsv
ef0a44b4d58f4f7616e93c8c0ffbecbaff25bb6dc8a2e41b216419b67f9ae05a	10091	2026-10-06T13:51:47Z	/pscratch/sd/j/josephrb/w2-recoil-20261006/w2b/unfold-run/inventory/w2b_unfold_rr0.jsonl
05a34b7a9278a070225bd04a6bbaa47e954b38e296e93b793df71a373e4a3db7	10091	2026-10-06T13:57:22Z	/pscratch/sd/j/josephrb/w2-recoil-20261006/w2b/unfold-run/inventory/w2b_unfold_rr1.jsonl
0ecae2f59d4d40c24d0dd5599bf483f4ee1a341470c64cf11786db4ef8406bb5	10092	2026-10-06T13:54:45Z	/pscratch/sd/j/josephrb/w2-recoil-20261006/w2b/unfold-run/inventory/w2b_unfold_rrzero.jsonl
009413e9528ad70faa72da2a45a28988bc5648ee28e2844de365d08a23c83f39	412	2026-10-06T13:39:50Z	/pscratch/sd/j/josephrb/w2-recoil-20261006/w2b/unfold-run/logs/w2b_unfold_rr0.env.log
009413e9528ad70faa72da2a45a28988bc5648ee28e2844de365d08a23c83f39	412	2026-10-06T13:39:53Z	/pscratch/sd/j/josephrb/w2-recoil-20261006/w2b/unfold-run/logs/w2b_unfold_rr1.env.log
009413e9528ad70faa72da2a45a28988bc5648ee28e2844de365d08a23c83f39	412	2026-10-06T13:39:51Z	/pscratch/sd/j/josephrb/w2-recoil-20261006/w2b/unfold-run/logs/w2b_unfold_rrzero.env.log
