activator	env_root	setup_salloc_env.sh	c1e6e253eb1700e7994c68cdb2e62d024d83fc50c1fc25d4041184a9bb75cbe2
hop1	env_root	unbinned_unfolding/build/setup.sh	ada4e7dfd434bad10692f5fc3c77f0e55a87a501f3fc96989532e7364ab14a2d
hop1	env_root	MINERvA101/opt/bin/setup.sh	57f713fe1c6709ff5403732b586b7cdbbba9f1c2913bc9933b2fd0d7af16cf41
hop2	env_root	MINERvA101/opt/bin/setup_MAT.sh	858ba5f4efbff2a95156d6a62c6d17edddc8784e7a01619c26f846fc6f0dfff2
hop2	env_root	MINERvA101/opt/bin/setup_MAT-MINERvA.sh	72226eb3d95a3427f4c1ed859c45719dfd0371f84f0e145d4bafaeecebefe254
hop2	env_root	MINERvA101/opt/bin/setup_UnfoldUtils.sh	b0d094339f4a19bfe1e073322fd7ce2ac5c62b8f955c1046d7fa070bfea51e6e
conda-activate	conda_prefix	etc/conda/activate.d/activate-binutils_linux-64.sh	d85f375fb924f4144f5becd1798a647fe0e27da8b3596ffbce4026a4352a0773
conda-activate	conda_prefix	etc/conda/activate.d/activate-gcc_linux-64.sh	38f63f03d2b541fafaeb30b1dc50e83aa5aaa9caba15f59edb9d2bc9c8ecae9a
conda-activate	conda_prefix	etc/conda/activate.d/activate-gfortran_linux-64.sh	ec34318c90db400fe9d294027fa4d4f74aadb4335979507e083fd49e9ee9451c
conda-activate	conda_prefix	etc/conda/activate.d/activate-gxx_linux-64.sh	b06bda1d994f2c8bebedd0df0b93ace83bff189d875719ec26c255d5325dd31c
conda-activate	conda_prefix	etc/conda/activate.d/activate-pythia8.sh	768c26dc64ec52164ca85718dfaa24b0c2ad37ff353c3bbd91df131bc02e3dd9
conda-activate	conda_prefix	etc/conda/activate.d/activate-root.sh	25353e11856ddf0288c19a3eb0df74701b471665e468f723c38af7395c36290e
conda-activate	conda_prefix	etc/conda/activate.d/libglib_activate.sh	7f972f0bd85732e0d85b15dfee7606127fa6d468db61342e4d59be4339254a16
conda-activate	conda_prefix	etc/conda/activate.d/libxml2_activate.sh	631478a9cfbd337b86ee1df94497c21821cd561312c94892d156e43f499cf5c4
