path	class	event_status	canonical_successor
docs/orchestration/AMENDMENT-20260831-oi177-per-arm-ceilings.md	LIVE	open	
docs/orchestration/AMENDMENT-20260918-spec-6.4-candidate-specific-null-exception.md	LIVE	open	
docs/orchestration/AUTHORIZATION-20260903-oi136-failopen-repair.md	LIVE	open	
docs/orchestration/AUTHORIZATION-20260918-d-resource-required-deliverable-path.md	LIVE	open	
docs/orchestration/BRIEF-20260822-oi137-finite-N-precision-bias-exposure.md	LIVE	open	
docs/orchestration/BRIEF-20260901-greif-fps-thesis-implications-for-gbdt5d.md	LIVE	open	
docs/orchestration/BRIEF-20260901-greif-fps-thesis-implications-for-pet.md	LIVE	open	
docs/orchestration/CATALOG-ARCHIVE-gate1-k0.md	LIVE	open	
docs/orchestration/CATALOG.md	LIVE	open	
docs/orchestration/CENSUS-20260902-permanence-language-in-leg-grade-cells.md	LIVE	open	
docs/orchestration/CHECKLIST-20260919-reverification-against-a-new-digest.md	LIVE	open	
docs/orchestration/CLAIM-CLM-001.md	ARCHIVAL	terminal	
docs/orchestration/CLAIM-CLM-002.md	ARCHIVAL	terminal	
docs/orchestration/CLAIM-CLM-003.md	ARCHIVAL	terminal	
docs/orchestration/CLAIM-CLM-004.md	ARCHIVAL	terminal	
docs/orchestration/CLAIM-CLM-005.md	ARCHIVAL	terminal	
docs/orchestration/CLAIM-CLM-006.md	ARCHIVAL	terminal	
docs/orchestration/CLAIM-CLM-007.md	ARCHIVAL	terminal	
docs/orchestration/CLAIM-CLM-008.md	ARCHIVAL	terminal	
docs/orchestration/CLAIM-CLM-009.md	ARCHIVAL	terminal	
docs/orchestration/CLAIM-CLM-010.md	ARCHIVAL	terminal	
docs/orchestration/CLAIM-CLM-011.md	ARCHIVAL	terminal	
docs/orchestration/CLAIM-CLM-012.md	ARCHIVAL	terminal	
docs/orchestration/CLAIMS.md	LIVE	open	
docs/orchestration/CLOSE-20260830-canonical-quiesce-window-k0-7ac0edec.md	LIVE	open	
docs/orchestration/CLOSE-20260830-canonical-requiesce-k0r2-window.md	LIVE	open	
docs/orchestration/CONFIRMATION-20260823-builder-response-to-gate1-round4.md	LIVE	open	
docs/orchestration/CONTRACT-20260918-rank6-significance-consumer.md	LIVE	open	
docs/orchestration/CONVENTION-document-retention.md	LIVE	open
docs/orchestration/CONVENTION-receipt-ingredients.md	LIVE	open
docs/orchestration/CONVENTION-verifying-a-check-is-deployed.md	LIVE	open
docs/orchestration/CORPUS-20260811-gates-that-cannot-fail-sweep.md	LIVE	open	
docs/orchestration/CORRECTION-20260920-lower-bound-inference-withdrawn.md	LIVE	open	
docs/orchestration/CRITERIA-20260811-quarantine-causes-1-2-3-4-6.md	LIVE	open	
docs/orchestration/DECISION-20260822-joseph-b1-lift-and-clause-c.md	LIVE	open	
docs/orchestration/DECISION-20260823-joseph-a2f-does-not-substitute-for-a3.md	LIVE	open	
docs/orchestration/DECISION-20260824-joseph-deployment-freeze-until-f1b.md	LIVE	open	
docs/orchestration/DECISION-20260824-joseph-f6b-scoped-out-of-gate2.md	LIVE	open	
docs/orchestration/DECISION-20260825-joseph-gate2-fail-and-four-rulings.md	LIVE	open	
docs/orchestration/DECISION-20260828-joseph-f17b-four-surface-repair.md	LIVE	open	""
docs/orchestration/DECISION-20260830-joseph-f17b-post-path-drift-is-a-filed-finding.md	LIVE	open	
docs/orchestration/DECISION-20260831-joseph-quarantine-graded-against-the-candidate.md	LIVE	open	
docs/orchestration/DECISION-20260901-joseph-authorizes-k0r2-redeploy.md	LIVE	open	
docs/orchestration/DECISION-20260901-joseph-delegated-ceiling-unit-is-task-hours.md	LIVE	open
docs/orchestration/DECISION-20260901-joseph-oi172-oi173-magnitude-legs.md	LIVE	open
docs/orchestration/DECISION-20260901-joseph-oi187-upgrade-not-blocker.md	LIVE	open
docs/orchestration/DECISION-20260901-joseph-ratifies-oi177-per-arm-ceilings.md	LIVE	terminal	
docs/orchestration/DECISION-20260901-joseph-ratifies-oi185-invariants.md	LIVE	terminal	
docs/orchestration/DECISION-20260902-joseph-applies-oi173-cause4-m.md	LIVE	open	
docs/orchestration/DECISION-20260902-joseph-rules-cause7-cause3-and-the-stop.md	LIVE	open	""
docs/orchestration/DECISION-20260902-joseph-rules-no-fourth-grade-token.md	LIVE	open	
docs/orchestration/DECISION-20260902-joseph-rules-oi173-referent-is-the-candidate.md	LIVE	open	
docs/orchestration/DECISION-20260902-two-lane-consensus-cause4-M-and-its-supersession.md	LIVE	open	
docs/orchestration/DECISION-20260906-joseph-authorizes-z-specification-only.md	LIVE	open	
docs/orchestration/DECISION-20260907-joseph-ratifies-r5-attempt-accounting-and-declines-untracking.md	LIVE	terminal	
docs/orchestration/DECISION-20260919-joseph-R6-reverses-the-k1-decline.md	LIVE	open	
docs/orchestration/DECISION-20260919-joseph-rules-pm1-cause7-and-completion.md	LIVE	open	
docs/orchestration/DECISION-20260920-joseph-adopts-z-cv-under-the-6.4-exception.md	LIVE	open	
docs/orchestration/DECISION-20260920-joseph-authorizes-typed-descriptor-audit-on-main.md	LIVE	open	
docs/orchestration/DECISION-20260920-joseph-rules-clause-c-disposition.md	LIVE	open	
docs/orchestration/DECISION-PACKET-20260918-scalar5d-publication-blockers.md	LIVE	open	
docs/orchestration/DECLARATION-20260822-k0-submission-sha.md	LIVE	open	
docs/orchestration/DECLARATION-20260823-k0-candidate-aa67c426.md	LIVE	open	
docs/orchestration/DECLARATION-20260823-k0-candidate-sha.md	LIVE	open	
docs/orchestration/DECLARATION-20260830-k0-deployment-7ac0edec.md	LIVE	open	
docs/orchestration/DEFECT-20260825-generate-manifest-dirty-warning-nondiscriminating.md	LIVE	open	
docs/orchestration/DERIVATION-20260919-null-epsilon-B-and-S.md	LIVE	open	
docs/orchestration/DETERMINATION-20260811-cause5-binding-half.md	LIVE	open	
docs/orchestration/DISCIPLINE-20260825-f14-coupling-comparator-repair-lane.md	LIVE	open	
docs/orchestration/DISCIPLINE-20260825-f14-manifest-coupling-omissions.md	LIVE	open	
docs/orchestration/DISCLOSURE-20260920-clause-c-verification-blocked-and-was-not-recorded.md	LIVE	open	
docs/orchestration/DRAFT-ADOPTION-20260919-z-cv-under-the-6.4-exception.md	LIVE	open	
docs/orchestration/DRAFT-SPEC-20260921-what-the-pipeline-refuses.md	LIVE	open	
docs/orchestration/EVIDENCE-20260919-cause3-member-eligibility-census.md	LIVE	open	
docs/orchestration/EVIDENCE-20260919-cause7-migration-census-and-declared-policy.md	LIVE	open	
docs/orchestration/EVIDENCE-20260919-lateral-bands-are-seed-pinned.md	LIVE	open	
docs/orchestration/EVIDENCE-20260920-sproj-resolution-floor-and-seed-effect.md	LIVE	open	
docs/orchestration/FINDING-20260822-a-hold-that-instructed-its-own-deletion.md	LIVE	open	
docs/orchestration/FINDING-20260822-clause-c-adopt-is-unreachable-under-its-own-pause.md	LIVE	open	
docs/orchestration/FINDING-20260824-gate2-preparation-and-four-open-rulings.md	LIVE	open	
docs/orchestration/FINDING-20260830-k0-member-namespace-blocks-submission.md	LIVE	open	
docs/orchestration/FINDING-20260830-k0r2-env-pathcheck-submitter-declaration-omitted.md	LIVE	open	
docs/orchestration/FINDING-20260830-quarantine-nocompute-legs-measured.md	LIVE	open	
docs/orchestration/FINDING-20260831-ben039-detector-is-triple-bound.md	LIVE	open	
docs/orchestration/FINDING-20260831-strip-noncode-inverts-on-a-closing-triple-quote.md	LIVE	open	
docs/orchestration/FINDING-20260901-cause4-jitter-floor-recovered.md	LIVE	open	
docs/orchestration/FINDING-20260901-f7-floor-ratio-and-seed-pull-measured.md	LIVE	open
docs/orchestration/FINDING-20260901-k0r2-redeploy-precondition-delta.md	LIVE	open	
docs/orchestration/FINDING-20260901-p-leg-status-measured-against-the-candidate.md	LIVE	open
docs/orchestration/FINDING-20260901-pscratch-read-stalls-block-a2b.md	LIVE	open	
docs/orchestration/FINDING-20260906-r5-meter-undercounted-requeue-attempts.md	LIVE	open	
docs/orchestration/FINDING-20260910-r5-attempt-identity-is-not-stable-across-queries.md	LIVE	open	
docs/orchestration/FINDING-20260919-build-time-cv-held-fixed-is-not-the-spec-condition.md	LIVE	open	
docs/orchestration/FINDING-20260906-cause3-scan-execution-composition.md	LIVE	open	
docs/orchestration/FINDINGS.md	LIVE	open	
docs/orchestration/FOLLOWUP-20260906-r5-sacct-window-and-post-stop-accounting.md	LIVE	open	
docs/orchestration/FREEZE-20260830-canonical-requiesce-k0r2-resubmission.md	LIVE	open	
docs/orchestration/FREEZE-20260830-k0-deployment-7ac0edec.md	LIVE	open	
docs/orchestration/GATE1-VERDICT-20260822-k0-execution-integrity.md	LIVE	open	
docs/orchestration/GATE1-VERDICT-20260830-k0-7ac0edec.md	LIVE	open
docs/orchestration/GATE1-VERDICT-ROUND2-20260830-k0-7ac0edec.md	LIVE	open
docs/orchestration/GATE1-VERDICT-ROUND4-20260823-k0-execution-integrity.md	LIVE	open	
docs/orchestration/GATE1-VERDICT-ROUND5-20260823-k0-execution-integrity.md	LIVE	open	
docs/orchestration/GATE1-VERDICT-ROUND6-20260823-k0-execution-integrity.md	LIVE	open	
docs/orchestration/GATE1-VERDICT-ROUND7-20260823-k0-execution-integrity.md	LIVE	open	
docs/orchestration/GATE1-VERDICT-ROUND8-20260823-k0-execution-integrity.md	LIVE	open	
docs/orchestration/GATE1-VERDICT-ROUND9-20260823-k0-execution-integrity.md	LIVE	open	
docs/orchestration/GRADE-20260825-d3-comparator-repair-fitness.md	LIVE	open	
docs/orchestration/GRADE-20260825-f17b-comparison-instrument-fitness.md	LIVE	open	
docs/orchestration/GRADE-20260825-selector-narrowing-fitness.md	LIVE	open	
docs/orchestration/HANDOFF-20260921-gbdt-remaining.md	LIVE	open	
docs/orchestration/HOLD-20260821-clause-c-verification.md	ARCHIVAL	terminal	
docs/orchestration/INDEX-20260920-retained-branches-not-on-main.md	LIVE	open	
docs/orchestration/INDEX-retracted-and-superseded-values.md	LIVE	open	
docs/orchestration/INTEGRATION-20260903-wave1-routing-freeze-and-ledger.md	LIVE	open	
docs/orchestration/INVENTORY-20260919-scientific-acceptance-criteria-from-code.md	ARCHIVAL	terminal	
docs/orchestration/LEDGER-20260920-deleted-branch-names-to-sha.md	LIVE	open	
docs/orchestration/LIVE-STATE.md	LIVE	generated	
docs/orchestration/LIVE-USAGE.md	LIVE	open	
docs/orchestration/MAP-20260817-gbdt-note-section-blockers.md	LIVE	open	
docs/orchestration/MEASUREMENT-20260822-m1-m6-at-pinned-sha.md	LIVE	open	
docs/orchestration/MEASUREMENT-20260823-m1-m6-at-the-candidate-and-canonical.md	LIVE	open	
docs/orchestration/NAVIGATION-20260917-z-pilot-outcome-route.md	LIVE	open	
docs/orchestration/OPERATIVE-SHEET-scalar5d.md	LIVE	open	
docs/orchestration/OUTCOME-20260919-cause3-anchor-has-no-eligible-member.md	LIVE	open	
docs/orchestration/OUTCOME-20260919-computed-acceptance-goal-C-blocked.md	LIVE	open	
docs/orchestration/OUTCOME-20260920-cause3-two-member-assessable-FAIL.md	LIVE	open	
docs/orchestration/P5-P6-20260822-entrypoint-set-and-blind-spots.md	LIVE	open	
docs/orchestration/PACKET-20260823-round10-oi136-runtime-violation-repair.md	LIVE	open	
docs/orchestration/PACKET-20260823-round5-f2a-f17a-repair.md	LIVE	open	
docs/orchestration/PACKET-20260823-round7-f2a-parity-and-f17a-filing.md	LIVE	open	
docs/orchestration/PACKET-20260901-pet-typed-descriptor-semantic-evidence.md	LIVE	open	""
docs/orchestration/PACKET-20260902-joseph-six-rulings-cause7-cause3-stop.md	LIVE	open	""
docs/orchestration/PACKET-20260905-full-scalar5d-successor-scope-question.md	LIVE	open	
docs/orchestration/PACKET-20260918-scalar5d-completion-inventory-and-null-route.md	LIVE	open	
docs/orchestration/PLAN-20260822-oneMember-mii-staged.md	LIVE	open	
docs/orchestration/PLAN-20260905-prompts-11-30-reconciled-to-the-0902-decision.md	LIVE	open	
docs/orchestration/PLAN-20260918-scalar5d-publication-completion.md	LIVE	open	
docs/orchestration/PLAYBOOK.md	LIVE	open	""
docs/orchestration/PREDECLARATION-20260812-fullevent-cstat-100-replicas.md	ARCHIVAL	superseded	docs/orchestration/PREDECLARATION-20260813-gate5-coherent-replicas-n50.md
docs/orchestration/PREDECLARATION-20260921-L2-lateral-seed-release.md	LIVE	open	
docs/orchestration/PREDECLARE-20260901-cause3-mii-estimator-seed-magnitude.md	LIVE	open
docs/orchestration/PREDECLARE-20260901-cause7-discharge-criteria.md	LIVE	open
docs/orchestration/PREDECLARE-20260905-cause7-only-successor-Y.md	LIVE	open	
docs/orchestration/PREREGISTRATION-20260919-cause3-two-member-campaign.json	MACHINE	open	
docs/orchestration/PREREGISTRATION-20260919-cause3-two-member-campaign.md	LIVE	open	
docs/orchestration/PROCEDURE-gbdtFive-macro-update.md	LIVE	open	
docs/orchestration/PROMPTS-20260811-four-session-closeout.md	LIVE	open	
docs/orchestration/PROMPTS-20260906-z-specification-session.md	LIVE	open	
docs/orchestration/PROPOSAL-20260830-k0r2-resubmission.md	LIVE	open	
docs/orchestration/PROPOSAL-20260902-oi173-reissue-cause4-M-referent.md	LIVE	open	
docs/orchestration/PROPOSAL-20260903-pet-gate6-branch-preservation-and-removal.md	LIVE	open	
docs/orchestration/PROPOSAL-20260908-z-sensitivity-criteria-over-publication-projections.md	ARCHIVAL	superseded	docs/orchestration/RECOMMENDATION-20260910-z-scientific-acceptance-criteria.md
docs/orchestration/PROPOSAL-20260921-note-appendix-and-test-consolidation.md	LIVE	open	
docs/orchestration/PROVENANCE-20260822-declaration-v-scalar5d-blocks.md	LIVE	open	
docs/orchestration/PROVENANCE-DEBT-20260810-standard-p4.md	LIVE	open	
docs/orchestration/PUBLICATION-READINESS-20260822.md	LIVE	open	
docs/orchestration/QUESTION-20260920-hadronic-response-coverage-for-eavail-w.md	LIVE	open	
docs/orchestration/R5-METER.md	LIVE	open	
docs/orchestration/RANK-AND-INVERSION-20260810.md	LIVE	open	
docs/orchestration/READING-ORDER-20260824-k0-package-annotations.md	LIVE	open	
docs/orchestration/README.md	DEAD	superseded	docs/orchestration/CATALOG.md
docs/orchestration/RECEIPT-20260822-k0-n1-and-guarded-arms.md	LIVE	open	
docs/orchestration/RECEIPT-20260824-k0-f8a-f9-f12-f17a-filings.md	LIVE	open	
docs/orchestration/RECOMMENDATION-20260910-z-scientific-acceptance-criteria.md	LIVE	open	
docs/orchestration/RECONCILIATION-20260817-gbdtfive-macros-vs-rebuilt-candidate.md	LIVE	open	
docs/orchestration/RECORD-20260830-k0-quarantine-and-seven-arm-submission.md	LIVE	open	
docs/orchestration/RECORD-20260830-k0r2-round2-submission.md	LIVE	open	
docs/orchestration/RECORD-20260830-oi179-remediation-confirmed.md	LIVE	open	
docs/orchestration/RECORD-20260901-k0r2-round2-outcome.md	LIVE	open	
docs/orchestration/RECORD-20260901-oi179-defect3-enforced.md	LIVE	terminal	
docs/orchestration/RECORD-20260920-PROJ-m1-publication-under-exception.md	LIVE	open	
docs/orchestration/REPORT-20260920-scalar5d-uncertainty-completion.md	LIVE	open	
docs/orchestration/REPRODUCTION-20260918-scalar5d-trunk-path.md	LIVE	open	
docs/orchestration/REVIEW-20260902-pet-typed-semantic-evidence.md	LIVE	open	""
docs/orchestration/REVIEW-20260919-R7-non-finite-member-footing.md	LIVE	open	
docs/orchestration/REVIEW-20260919-computed-acceptance-disposition.md	LIVE	open	
docs/orchestration/REVIEW-20260919-multi-member-grader-two-rounds.md	LIVE	open	
docs/orchestration/REVIEW-CONTRACT-20260822-k0-execution-integrity.md	LIVE	open	
docs/orchestration/RULING-20260902-quoted-column-permanence-is-p-scoped.md	LIVE	open	
docs/orchestration/RULING-20260908-joseph-a-merge-guard-refusal-is-terminal.md	LIVE	open	
docs/orchestration/RUN-20260919-cause3-two-member-campaign-launch.md	ARCHIVAL	terminal	
docs/orchestration/RUNBOOK-20260822-b1-lift-preflight.md	LIVE	open	
docs/orchestration/RUNBOOK-status-dashboard.md	LIVE	open	
docs/orchestration/SCHEDULING-STRATEGY.md	LIVE	open	
docs/orchestration/SCOREBOARD-20260817-quarantine-seven-causes.md	LIVE	open	
docs/orchestration/SESSION-WORKFLOW.md	LIVE	open	""
docs/orchestration/SPEC-20260814-gate5-cstat-construction-v1.md	LIVE	open	
docs/orchestration/SPEC-20260825-f17b-tree-comparison-instrument.md	LIVE	open	
docs/orchestration/SPEC-20260906-complete-scalar5d-successor-Z.md	LIVE	open	
docs/orchestration/TASK-HANDOFF.template.md	LIVE	open	""
docs/orchestration/TASK.template.md	LIVE	open	
docs/orchestration/USER-DECISIONS.md	LIVE	open	""
docs/orchestration/VERDICT-20260821-clausec-rerun-production-dimension.md	ARCHIVAL	terminal	
docs/orchestration/VERDICT-20260821-expiry-c-real-path-present-seed.md	ARCHIVAL	superseded	docs/orchestration/VERDICT-20260821-clausec-rerun-production-dimension.md
docs/orchestration/VERDICT-20260825-gate2-k0-rehearsal-nine-clauses.md	LIVE	open	
docs/orchestration/VERDICT-20260830-readiness-10-1-k0-7ac0edec.md	LIVE	open
docs/orchestration/VERDICT-20260920-third-lane-c5-c7-verification.md	LIVE	open	
docs/orchestration/VERIFICATION-20260822-k0-execution-integrity.md	LIVE	open	
docs/orchestration/VERIFICATION-20260921-v6-six-items-reproduced.md	LIVE	open	
docs/orchestration/VOI-20260906-cause3-mii-estimator-seed-scan.md	LIVE	open	
docs/orchestration/WAKER.md	LIVE	open	
docs/orchestration/WALKDOWN-20260822-one-pass.md	LIVE	open	
docs/orchestration/control-plane/campaign-origin.json	LIVE	open	""
docs/orchestration/control-plane/owners.tsv	LIVE	open	""
docs/orchestration/control-plane/playbook.tsv	LIVE	open	""
docs/orchestration/control-plane/policy.json	LIVE	open	""
docs/orchestration/control-plane/source-record-inventory.tsv	MACHINE	generated	""
docs/orchestration/control-plane/work-items.tsv	LIVE	open	""
docs/orchestration/control_plane_lint.py	LIVE	open	""
docs/orchestration/dashboard.html	MACHINE	generated	
docs/orchestration/probes/probe-20260918-aggregation-channel-directions.py	MACHINE	open	
docs/orchestration/probes/probe-20260918-l3-statistic-diagonal-breach-and-repair.py	MACHINE	open	
docs/orchestration/probes/probe-20260920-central-value-seed-movement.py	MACHINE	open	
docs/orchestration/probes/probe-20260920-seed-effect-at-matched-N.py	MACHINE	open	
docs/orchestration/probes/probe-20260920-sproj-resolution-floor.py	MACHINE	open	
docs/orchestration/state/CENTRAL-VALUE-20260920.json	MACHINE	open	
docs/orchestration/state/CENTRAL-VALUE-VS-SIGMA-20260920.json	MACHINE	open	
docs/orchestration/state/FLOOR-20260920-k0.json	MACHINE	open	
docs/orchestration/state/FLOOR-20260920-k1200.json	MACHINE	open	
docs/orchestration/state/GRADE-20260920-cause3-two-member.json	MACHINE	open	
docs/orchestration/state/PROJ-20260920-binding-check.json	MACHINE	open	
docs/orchestration/state/PROJ-20260920-m1-publication-receipt.json	MACHINE	open	
docs/orchestration/state/RECEIPT-20260822-quarantine-member-k000000-stale-replicas.json	MACHINE	open	
docs/orchestration/state/RECEIPT-20260826-b1-adoption-gate-preconditions-remeasured.json	MACHINE	open	
docs/orchestration/state/RECEIPT-20260826-k0-freeze-bundle-detectability.json	MACHINE	open	
docs/orchestration/state/RECEIPT-20260830-aa67c426-preservation-remeasurement.json	MACHINE	open	
docs/orchestration/state/RECEIPT-20260830-k0-7ac0edec-legs-1-5-submission.json	MACHINE	open	
docs/orchestration/state/RECEIPT-20260830-k0-deployment-and-freeze-bundle-7ac0edec.json	MACHINE	open	
docs/orchestration/state/RECEIPT-20260830-quarantine-k0-aa67c426-member-namespace.json	MACHINE	open	
docs/orchestration/state/SEED-EFFECT-20260920.json	MACHINE	open	
docs/orchestration/state/declaration-v-5d-covering-search-20260822.sh	MACHINE	open	
docs/orchestration/state/live-state-last-known.json	LIVE	open	
docs/orchestration/state/live-state.json	LIVE	open	
docs/orchestration/state/live-state.schema.json	LIVE	open	""
docs/orchestration/state/oi137-covering-search-20260822.sh	MACHINE	open	
docs/orchestration/state/probe-z-projected-stability-20260910.py	MACHINE	open	
docs/orchestration/DETERMINATION-20260920-merge-guard-scope-vs-registry-conflicts.md	LIVE	open	
docs/orchestration/REVIEW-20260910-z-acceptance-criteria-independent-derivation.md	LIVE	open	
docs/orchestration/REVIEW-20260910-z-acceptance-criteria-independent-derivation-partF.md	LIVE	open	
docs/orchestration/REVIEW-20260910-z-acceptance-criteria-independent-derivation-partG.md	LIVE	open	
docs/orchestration/REVIEW-20260910-z-acceptance-criteria-independent-derivation-partH.md	LIVE	open	
docs/orchestration/REVIEW-20260910-z-acceptance-criteria-independent-derivation-partI.md	LIVE	open	
docs/orchestration/REVIEW-20260910-z-acceptance-criteria-independent-derivation-partJ.md	LIVE	open	
docs/orchestration/REVIEW-20260910-z-acceptance-criteria-independent-derivation-partK.md	LIVE	open	
docs/orchestration/REVIEW-20260910-z-acceptance-criteria-independent-derivation-partL.md	LIVE	open	
docs/orchestration/REVIEW-20260910-z-acceptance-criteria-independent-derivation-partM.md	LIVE	open	
docs/orchestration/REVIEW-20260910-z-acceptance-criteria-independent-derivation-partN.md	LIVE	open	
docs/orchestration/REVIEW-20260910-z-acceptance-criteria-independent-derivation-partO.md	LIVE	open	
docs/orchestration/REVIEW-20260910-z-acceptance-criteria-independent-derivation-partP.md	LIVE	open	
docs/orchestration/REVIEW-20260910-z-acceptance-criteria-independent-derivation-partQ.md	LIVE	open	
docs/orchestration/REVIEW-20260910-z-acceptance-criteria-independent-derivation-partR.md	LIVE	open	
docs/orchestration/REVIEW-20260910-z-acceptance-criteria-independent-derivation-partS.md	LIVE	open	
docs/orchestration/REVIEW-20260910-z-acceptance-criteria-independent-derivation-partT.md	LIVE	open	
docs/orchestration/REVIEW-20260910-z-acceptance-criteria-independent-derivation-partU.md	LIVE	open	
docs/orchestration/REVIEW-20260910-z-acceptance-criteria-independent-derivation-partV.md	LIVE	open	
docs/orchestration/REVIEW-20260910-z-acceptance-criteria-independent-derivation-partW.md	LIVE	open	
docs/orchestration/REVIEW-20260910-z-acceptance-criteria-independent-derivation-partX.md	LIVE	open	
docs/orchestration/REVIEW-20260910-z-acceptance-criteria-independent-derivation-partY.md	LIVE	open	
docs/orchestration/REVIEW-20260910-z-acceptance-criteria-independent-derivation-partZ.md	LIVE	open	
docs/orchestration/RECORD-20260910-z-assessor-declines-proxy-transcription.md	LIVE	open	
docs/orchestration/CHECK-20260911-three-relayed-readings-gate2-mii-and-cost.md	ARCHIVAL	terminal	
docs/orchestration/REVIEW-20260911-precursor-repairs-against-P1-P18.md	LIVE	open	
docs/orchestration/PREREGISTER-20260911-precursor-repair-acceptance-criteria.md	LIVE	open	
docs/orchestration/READINESS-20260911-precursor-launch-six-dimensions.md	ARCHIVAL	terminal	
docs/orchestration/ASSESSMENT-20260911-endpoint-B-design-nine-claims.md	ARCHIVAL	terminal	
docs/orchestration/ASSESSMENT-20260911-scoped-letter-readiness.md	ARCHIVAL	terminal	
docs/orchestration/RECORD-20260910-z-assessor-receipt-of-relayed-findings.md	ARCHIVAL	terminal	
docs/orchestration/REVIEW-20260911-precursor-delta-10eb1bac.md	ARCHIVAL	terminal	
docs/orchestration/PREREGISTER-20260911-temp-file-repair-acceptance-criteria.md	LIVE	open	
docs/orchestration/REVIEW-20260911-temp-file-repair-against-T1-T14.md	ARCHIVAL	terminal	
docs/orchestration/REVIEW-20260912-temp-repair-delta-41a64f02-and-consumer-list.md	ARCHIVAL	terminal	
docs/orchestration/REVIEW-20260914-namespace-ownership-a71087e3.md	LIVE	open	
docs/orchestration/REVIEW-20260914-per-task-recovery-79badb2f.md	ARCHIVAL	terminal	
docs/orchestration/REVIEW-20260914-clause7-race-fix-8b89ff36.md	ARCHIVAL	terminal	
docs/orchestration/REVIEW-20260914-premise-B-durability-68a3da8a.md	ARCHIVAL	terminal	
docs/orchestration/REVIEW-20260914-final-clearance-e09513d8.md	ARCHIVAL	terminal	
docs/orchestration/PREREGISTER-20260915-epsilon-and-B-acceptance-requirements.md	ARCHIVAL	terminal	
docs/orchestration/ASSESSMENT-20260915-epsilon-1e-9-and-B.md	ARCHIVAL	terminal	
docs/orchestration/probes/probe-20260915-null-ratio-per-bin-bound-exact.py	LIVE	open	
docs/orchestration/ASSESSMENT-20260917-decision-support-section-12.md	LIVE	open	
docs/orchestration/ASSESSMENT-20260917-theta-and-the-propagation-argument.md	LIVE	open	
docs/orchestration/probes/probe-20260917-theta-finite-change-and-projection.py	LIVE	open	
docs/orchestration/probes/probe-20260918-my-own-theta-claims-corrected.py	LIVE	open	
docs/orchestration/ASSESSMENT-20260918-integrated-acceptance-and-E1.md	LIVE	open	
docs/orchestration/probes/probe-20260918-E1-independent-null-reconstruction.py	LIVE	open	
docs/orchestration/READBACK-20260918-rank3-lineage-footing-components-completeness.md	ARCHIVAL	terminal	
docs/orchestration/probes/probe-20260918-rank3-lineage-footing-completeness.py	LIVE	open	
docs/orchestration/ASSESSMENT-20260918-cause3-joint-baseline-acceptance-packet.md	LIVE	open	
docs/orchestration/probes/probe-20260918-cause3-projected-correlation-invariance.py	LIVE	open	
docs/orchestration/ASSESSMENT-20260918-L3-replacement-statistic.md	LIVE	open	
docs/orchestration/probes/probe-20260918-L3-disjoint-vs-actual-and-reference-dependence.py	LIVE	open	
docs/orchestration/READBACK-20260918-causes-5-and-7.md	ARCHIVAL	terminal	
docs/orchestration/probes/probe-20260918-cause7-lateral-band-branch-census.py	LIVE	open	
docs/orchestration/ASSESSMENT-20260918-causes-1-2-4-acceptance-criteria.md	LIVE	open	
docs/orchestration/VERIFICATION-20260918-scalar5d-adopt-clause-c.md	LIVE	open	
docs/orchestration/RECHECK-20260918-null-per-bin-distribution.md	ARCHIVAL	terminal	
docs/orchestration/probes/probe-20260918-null-per-bin-distribution-recheck.py	LIVE	open	
docs/orchestration/DECISION-20260910-joseph-accepts-outcome-2-and-opens-replacement-packet.md	LIVE	open	
docs/orchestration/DECISION-20260910-joseph-b-deferred-and-finite-ensemble-disclosure.md	LIVE	open	
docs/orchestration/state/probe-z-criteria-acceptance-mathematics-20260910.py	MACHINE	open	
docs/orchestration/state/check-withdrawal-completeness-20260910.py	MACHINE	open	
docs/orchestration/PACKET-20260910-z-consumer-set-and-endpoint-requirements.md	LIVE	open	
docs/orchestration/state/probe-z-consumer-inversion-20260910.py	MACHINE	open	
docs/orchestration/state/check-consumer-set-20260910.py	MACHINE	open	
docs/orchestration/PACKET-20260910-z-endpoint-A-acceptance-and-cause3-corr-amendment.md	LIVE	open	
docs/orchestration/DECISION-INPUT-20260911-named-projections-and-the-tolerance-choice.md	LIVE	open	
docs/orchestration/AMENDMENT-20260911-cause3-conditional-scope-and-kappa.md	LIVE	open	
docs/orchestration/COSTMODEL-20260911-z-pilot-and-scan.md	ARCHIVAL	terminal	
docs/orchestration/DESIGN-20260911-endpoint-B-generator-comparison-test.md	LIVE	open	
docs/orchestration/PREDECLARATION-20260916-B-estimator-and-coverage.md	LIVE	open	
docs/orchestration/RECOMMENDATION-20260916-theta-per-bin-uncertainty-tolerance.md	LIVE	open	
docs/orchestration/PROPOSAL-20260917-integrated-acceptance-existing-products.md	LIVE	open	
docs/orchestration/PACKET-20260917-cause3-joint-baseline-acceptance.md	LIVE	open	
docs/orchestration/PACKET-20260918-causes-1-2-4-acceptance-criteria.md	LIVE	open	
docs/orchestration/DECISION-SUPPORT-20260916-z-to-adopted-5d-covariance.md	LIVE	open	
docs/orchestration/PROPOSAL-20260916-B-and-S-bounded-determinism-control.md	LIVE	open	
docs/orchestration/probes/probe-20260917-projection-bound-counterexample.py	MACHINE	open	
docs/orchestration/probes/probe-20260917-theta-assessment-corrections.py	MACHINE	open	
docs/orchestration/CORRECTION-20260921-seed-effect-larger-ensemble-corollary-withdrawn.md	LIVE	open	
docs/orchestration/VERDICT-20260922-third-party-review-site9-issue60-s4c.md	LIVE	open	
docs/orchestration/OUTCOME-20260922-ten-adopted-receipts-superseded-by-code-drift.md	LIVE	open	
docs/orchestration/BLOCKED-20260922-issue59-figure-rerun.md	LIVE	open	
docs/orchestration/OUTCOME-20260922-3d-covariance-projected-from-the-adopted-trunk.md	LIVE	open	
docs/orchestration/OUTCOME-20260922-L2-sproj-measured-and-the-pair-is-not-code-comparable.md	LIVE	open	
docs/orchestration/REPORT-20260922-review-residue.md	LIVE	open	
docs/orchestration/HANDOFF-20260922-gbdt-cold-start.md	LIVE	open	
docs/orchestration/ACCEPTANCE-20260905-wave1-review-pass-and-closeout.md	ARCHIVAL	terminal	
docs/orchestration/AGENT-NOTIFICATIONS.md	LIVE	open	
docs/orchestration/AUDIT-FINDINGS-20260728.md	ARCHIVAL	terminal	
docs/orchestration/AUDIT-FINDINGS-20260729-B.md	ARCHIVAL	terminal	
docs/orchestration/AUDIT-FINDINGS-20260731.md	ARCHIVAL	terminal	
docs/orchestration/AUDIT-FINDINGS-20260820-fps.md	ARCHIVAL	terminal	
docs/orchestration/AUDIT-FINDINGS-20260820.md	ARCHIVAL	terminal	
docs/orchestration/AUTHORIZATION-20260812-hpss-copy-and-delegation.md	ARCHIVAL	terminal	
docs/orchestration/AUTHORIZATION-20260812-ignored-set-scope.md	ARCHIVAL	terminal	
docs/orchestration/AUTHORIZATION-20260813-gate4-estimator-disposition.md	ARCHIVAL	terminal	
docs/orchestration/AUTHORIZATION-20260815-foldforward-closure-run.md	ARCHIVAL	terminal	
docs/orchestration/AUTHORIZATION-20260906-pm-root-inspection.md	ARCHIVAL	terminal	
docs/orchestration/AUTHORIZATION-20260908-attended-batch-route.md	ARCHIVAL	terminal	
docs/orchestration/B1-NORMALIZATION-FIX-DESIGN.md	ARCHIVAL	terminal	
docs/orchestration/CONVENTION-lane-worktrees.md	LIVE	open	
docs/orchestration/DECISION-20260804-B4-STEP3-RECEIPTS.md	ARCHIVAL	terminal	
docs/orchestration/DECISION-20260815-joseph-oi6-oi8-oi126.md	ARCHIVAL	terminal	
docs/orchestration/DECISION-20260824-joseph-eight-dispositions-and-mnv-repo-ownership.md	ARCHIVAL	terminal	
docs/orchestration/DECISION-20260830-joseph-accept-forward-only-rehearsal.md	ARCHIVAL	terminal	
docs/orchestration/DECISION-20260830-joseph-mii-family-and-leg6.md	ARCHIVAL	terminal	
docs/orchestration/DECISION-20260830-joseph-presubmission-operand-staleness.md	ARCHIVAL	terminal	
docs/orchestration/DECISION-20260830-joseph-quarantine-k0-member-namespace.md	ARCHIVAL	terminal	
docs/orchestration/DECISION-BRIEF-20260819-oi71-recovery-evidence.md	ARCHIVAL	terminal	
docs/orchestration/DETERMINATION-20260817-lanec-cstat-object-is-total-statistics.md	ARCHIVAL	terminal	
docs/orchestration/DETERMINATION-20260818-lanec-anchor-recompute-and-lateral-in-g1.md	ARCHIVAL	terminal	
docs/orchestration/DETERMINATION-20260819-lanec-petclosure-is-legacy.md	ARCHIVAL	terminal	
docs/orchestration/ENUMERATION-20260818-mii-root-payload-three-classes.md	ARCHIVAL	terminal	
docs/orchestration/FINDING-20260730-event-feature-nonfinite.md	ARCHIVAL	terminal	
docs/orchestration/FINDING-20260807-checkpoint-is-not-the-trained-model.md	ARCHIVAL	terminal	
docs/orchestration/FINDING-20260807-step1-under-achieves.md	ARCHIVAL	terminal	
docs/orchestration/FINDING-20260811-promotion-by-move-silently-repoints-artifacts.md	ARCHIVAL	terminal	
docs/orchestration/FINDING-20260824-five-rules-from-the-r5-night.md	ARCHIVAL	terminal	
docs/orchestration/FINDING-20260828-ben-citations-resolve-only-at-the-evidence-tag.md	ARCHIVAL	terminal	
docs/orchestration/FINDING-20260828-oi136-guard-provenance.md	ARCHIVAL	terminal	
docs/orchestration/FINDING-20260828-polish-pass-residue.md	ARCHIVAL	terminal	
docs/orchestration/FINDING-20260829-f17b-deferred-surfaces-and-stale-freeze-prose.md	ARCHIVAL	terminal	
docs/orchestration/FINDING-20260910-projection-builders-agree-numerically-and-diverge-on-refusal.md	ARCHIVAL	terminal	
docs/orchestration/FINDINGS-ARCHIVE-2026-08.md	ARCHIVAL	terminal	
docs/orchestration/FLAG-20260824-gregor-pet2-worktree-unpreserved.md	ARCHIVAL	terminal	
docs/orchestration/FREEZE-20260830-canonical-quiesce-k0-7ac0edec.md	ARCHIVAL	terminal	
docs/orchestration/HANDOFF-20260815-0455Z.md	ARCHIVAL	terminal	
docs/orchestration/HANDOFF-20260819-lane-e-data-only-cstat-smoke-57266000.md	ARCHIVAL	terminal	
docs/orchestration/HANDOFF-20260820-2154Z-publication-closeout.md	ARCHIVAL	terminal	
docs/orchestration/MIGRATION-DELTA.md	ARCHIVAL	terminal	
docs/orchestration/MIGRATION-HANDOFF.md	ARCHIVAL	terminal	
docs/orchestration/MIGRATION-TAKEOVER-STATUS.md	ARCHIVAL	terminal	
docs/orchestration/OMNIFOLD-DOSSIER.md	ARCHIVAL	terminal	
docs/orchestration/OPERATOR-GUIDE.md	LIVE	open	
docs/orchestration/OUTCOME-20260921-L2-probe-blocked-at-stage-4.md	ARCHIVAL	terminal	
docs/orchestration/PLAN-20260813-gate6-cml-retry-design.md	ARCHIVAL	terminal	
docs/orchestration/PORTING.md	LIVE	open	
docs/orchestration/PREDECLARATION-20260808-gate4-and-d2-fraction.md	ARCHIVAL	terminal	
docs/orchestration/PREDECLARATION-20260810-annealed-production-reproduction.md	ARCHIVAL	terminal	
docs/orchestration/PREDECLARATION-20260810-annealed-shape-validation.md	ARCHIVAL	terminal	
docs/orchestration/PREDECLARATION-20260810-designA-diagnostic-reproduction.md	ARCHIVAL	terminal	
docs/orchestration/PREDECLARATION-20260811-annealed-step1-trajectory.md	ARCHIVAL	terminal	
docs/orchestration/PREDECLARATION-20260811-powered-closure-stability.md	ARCHIVAL	terminal	
docs/orchestration/PREDECLARATION-20260813-gate5-coherent-replicas-n50.md	ARCHIVAL	terminal	
docs/orchestration/PREDECLARATION-20260813-gate6-floor-replication.md	ARCHIVAL	terminal	
docs/orchestration/PREDECLARATION-20260813-gate6-legX-2x2.md	ARCHIVAL	terminal	
docs/orchestration/PREDECLARATION-20260813-gate6-member-trajectories.md	ARCHIVAL	terminal	
docs/orchestration/PREDECLARATION-20260813-gate6-ml-ensemble.md	ARCHIVAL	terminal	
docs/orchestration/PREDECLARATION-20260815-foldforward-instrumented-closure.md	ARCHIVAL	terminal	
docs/orchestration/PREDECLARATION-20260815-oi126-push-vs-extraction.md	ARCHIVAL	terminal	
docs/orchestration/PREDECLARATION-20260816-endofrun-push-recording.md	ARCHIVAL	terminal	
docs/orchestration/PREDECLARATION-20260816-g0-revision-gate.md	ARCHIVAL	terminal	
docs/orchestration/PREDECLARATION-20260816-hrowindex4d-readback.md	ARCHIVAL	terminal	
docs/orchestration/PREDECLARATION-20260816-repair12-verifier-pass.md	ARCHIVAL	terminal	
docs/orchestration/PREDECLARATION-20260906-pm-root-inspection.md	ARCHIVAL	terminal	
docs/orchestration/PREDECLARE-20260811-bkgaware-footing-readopt.md	ARCHIVAL	terminal	
docs/orchestration/PREDECLARE-20260811-construction-contract-receipt.md	ARCHIVAL	terminal	
docs/orchestration/PREDECLARE-20260812-stamped-footing-adoption-candidate.md	ARCHIVAL	terminal	
docs/orchestration/PREDECLARE-20260817-candidate-stamp-receipt-causes-3-4.md	ARCHIVAL	terminal	
docs/orchestration/PREDECLARE-20260817-cause1-endpoint-census-and-magnitude.md	ARCHIVAL	terminal	
docs/orchestration/PREDECLARE-20260831-mvfinal-j-specification.md	ARCHIVAL	terminal	
docs/orchestration/PROMPTS-20260820-publication-closeout-orchestrator.md	ARCHIVAL	terminal	
docs/orchestration/PROPOSAL-20260815-instrumented-and-corrected-foldforward-closure.md	ARCHIVAL	terminal	
docs/orchestration/PROPOSAL-20260828-f17b-four-surface-repair.md	ARCHIVAL	terminal	
docs/orchestration/PROPOSAL-20260830-forward-only-rehearsal.md	ARCHIVAL	terminal	
docs/orchestration/RECEIPT-20260812-hpss-space-audit.md	ARCHIVAL	terminal	
docs/orchestration/RECEIPT-20260820-oi50-hashverify.md	ARCHIVAL	terminal	
docs/orchestration/RECEIPT-20260821-negweight-hpss-durability.md	ARCHIVAL	terminal	
docs/orchestration/RECEIPT-20260830-k0-f1b-producer-filing.md	ARCHIVAL	terminal	
docs/orchestration/RECORD-20260908-z-operand-schema-assignment-block-and-pass.md	ARCHIVAL	terminal	
docs/orchestration/REPAIR4-DEFECT-STATUS-20260807.md	ARCHIVAL	terminal	
docs/orchestration/REPAIR6-RECORDED-NOT-CHECKED-INVENTORY.md	ARCHIVAL	terminal	
docs/orchestration/REQUIREMENTS-20260814-cstat-assembly-conventions.md	ARCHIVAL	terminal	
docs/orchestration/RESTORE-2026-08-03.md	ARCHIVAL	terminal	
docs/orchestration/RULING-20260817-lanec-oi126-branch-set-not-exhaustive.md	ARCHIVAL	terminal	
docs/orchestration/RULING-20260817-lanec-pinned-readers-get-wrappers-not-copies.md	ARCHIVAL	terminal	
docs/orchestration/RULING-20260819-lanec-issue54-frozen-deployment.md	ARCHIVAL	terminal	
docs/orchestration/RULING-20260819-lanec-reconstructed-cell-assignment-admissible.md	ARCHIVAL	terminal	
docs/orchestration/RUNBOOK-20260807-gbdt-closeout.md	ARCHIVAL	terminal	
docs/orchestration/SCOPE-20260818-gate1-seed-separation-two-keys.md	ARCHIVAL	terminal	
docs/orchestration/TRAVEL-MODE-DEPLOYMENT-20260825.md	ARCHIVAL	terminal	
docs/orchestration/TRIAGE-20260821-open-items-vs-publication-path.md	ARCHIVAL	terminal	
docs/orchestration/VALIDATOR-TOLERANCE-UNITS-20260808.md	ARCHIVAL	terminal	
docs/orchestration/VERDICT-20260820-lanec-remedy-a-FAIL.md	ARCHIVAL	terminal	
docs/orchestration/VERDICT-20260820-lanec-remedy-a-ROUND2-PASS-WITH-SCOPE.md	ARCHIVAL	terminal	
docs/orchestration/VERDICTS-20260811-session-D.md	ARCHIVAL	terminal	
docs/orchestration/VERIFICATION-20260820-mediator-remedy-a-wrapper-mechanical.md	ARCHIVAL	terminal	
docs/orchestration/followup-agent-A-standard-05.md	ARCHIVAL	terminal	
docs/orchestration/runbooks/RUNBOOK-20260908-pm-root-inspection-staging.md	ARCHIVAL	terminal	
docs/orchestration/runbooks/RUNBOOK-20260909b-pm-root-inspection-staging.md	ARCHIVAL	terminal	
docs/orchestration/runbooks/RUNBOOK-20260909c-pm-root-inspection-staging.md	ARCHIVAL	terminal	
docs/orchestration/test_fixtures_watch_report/README.md	MACHINE	open	
docs/orchestration/PLAN-20260923-issue26-issue5-studies.md	ARCHIVAL	terminal	
docs/orchestration/RESULT-20260923-issue26-issue5.md	ARCHIVAL	terminal	
docs/orchestration/DRAFT-preservation-and-stabilization-session-prompts.md	LIVE	open	
docs/orchestration/PLAN-scalar5d-reportable-uncertainties-and-inference.md	LIVE	open	
docs/orchestration/AUTHORIZATION-20260924-preservation-and-simplification-pass.md	LIVE	open	
docs/orchestration/RECOVERY-MANIFEST-20260924-preparation-epoch.md	LIVE	open	
docs/orchestration/CATALOG-ARCHIVE-scalar5d.md	LIVE	open	
docs/orchestration/HANDOFF-20260924-preparation-for-scalar5d-campaign.md	LIVE	open	
docs/orchestration/AUTHORIZATION-20260924-scalar5d-campaign-activation.md	LIVE	open	
docs/orchestration/CAMPAIGN-s5c-20260924-index.md	LIVE	open	
docs/orchestration/state/s5c/campaign-state.json	MACHINE	open	
docs/orchestration/state/s5c/budget.json	MACHINE	open	
