59421456	w2b_ev_rr0_1A	4.0	10
59421457	w2b_ev_rr0_1B	4.0	10
59421458	w2b_ev_rr0_1C	4.0	10
59421459	w2b_ev_rr0_1D	5.0	10
59421460	w2b_ev_rr0_1E	4.0	10
59421461	w2b_ev_rr0_1F	5.0	10
59421462	w2b_ev_rr0_1G	5.0	10
59421463	w2b_ev_rr0_1L	4.0	10
59421466	w2b_ev_rr0_1M	6.0	10
59421468	w2b_ev_rr0_1N	4.0	10
59421471	w2b_ev_rr0_1O	4.0	10
59421473	w2b_ev_rr0_1P	4.0	10
59421476	w2b_ev_rr1_1A	4.0	10
59421479	w2b_ev_rr1_1B	4.0	10
59421480	w2b_ev_rr1_1C	4.0	10
59421481	w2b_ev_rr1_1D	5.0	10
59421482	w2b_ev_rr1_1E	4.0	10
59421483	w2b_ev_rr1_1F	5.0	10
59421485	w2b_ev_rr1_1G	5.0	10
59421486	w2b_ev_rr1_1L	4.0	10
59421487	w2b_ev_rr1_1M	6.0	10
59421488	w2b_ev_rr1_1N	4.0	10
59421489	w2b_ev_rr1_1O	4.0	10
59421490	w2b_ev_rr1_1P	4.0	10
59421491	w2b_ev_rrzero_1A	4.0	10
59421492	w2b_ev_rrzero_1B	4.0	10
59421493	w2b_ev_rrzero_1C	4.0	10
59421494	w2b_ev_rrzero_1D	5.0	10
59421495	w2b_ev_rrzero_1E	4.0	10
59421496	w2b_ev_rrzero_1F	5.0	10
59421497	w2b_ev_rrzero_1G	5.0	10
59421498	w2b_ev_rrzero_1L	4.0	10
59421499	w2b_ev_rrzero_1M	6.0	10
59421500	w2b_ev_rrzero_1N	4.0	10
59421501	w2b_ev_rrzero_1O	4.0	10
59421502	w2b_ev_rrzero_1P	4.0	10
59427044_0	w2b_dump_rr0	1.0	62
59427044_1	w2b_dump_rr1	1.0	62
59427044_2	w2b_dump_rrzero	1.0	62
59427372_0	w2b_unfold_rr0	1.0	32
59427372_1	w2b_unfold_rr1	1.0	32
59427372_2	w2b_unfold_rrzero	1.0	32
