# s5e candidate R assessment (contract amendment 3): fresh seeds 800000-805019: nominal 40, GiBUU E_avail 20, q3 20, withheld W1-W3 20 each; A3 probes; R on the real data with its 100-replica bootstrap (5 per row) and the data rounding probe; rows 0-31 allocation a, 32-55 allocation b
aN_s800000	s5e_candidate.py	--candidate	R	--	--npz	/pscratch/sd/j/josephrb/MINERvA-OmniFold/nd-unfolding/of_inputs_5d.npz	--bkg	/pscratch/sd/j/josephrb/s5c-20260924/runs/p2/bkg_dump.npz	--expect-npz-sha256	07fccc1abc7204bc29349b4ba96850986fe91e909e83fc54e8d1a6b3922a649f	--expect-bkg-sha256	2addac8f26055c5ed69862e7afe29e12ac51dbe23a8d6eeed79d71bec9d82955	--bkg-mode	negweight-refined	--truth	nominal	--amplitude	0.0	--pseudo-seeds	800000:800004	--out	/pscratch/sd/j/josephrb/s5e-20260925/runs/cand/assess/nominal
aN_s800005	s5e_candidate.py	--candidate	R	--	--npz	/pscratch/sd/j/josephrb/MINERvA-OmniFold/nd-unfolding/of_inputs_5d.npz	--bkg	/pscratch/sd/j/josephrb/s5c-20260924/runs/p2/bkg_dump.npz	--expect-npz-sha256	07fccc1abc7204bc29349b4ba96850986fe91e909e83fc54e8d1a6b3922a649f	--expect-bkg-sha256	2addac8f26055c5ed69862e7afe29e12ac51dbe23a8d6eeed79d71bec9d82955	--bkg-mode	negweight-refined	--truth	nominal	--amplitude	0.0	--pseudo-seeds	800005:800009	--out	/pscratch/sd/j/josephrb/s5e-20260925/runs/cand/assess/nominal
aN_s800010	s5e_candidate.py	--candidate	R	--	--npz	/pscratch/sd/j/josephrb/MINERvA-OmniFold/nd-unfolding/of_inputs_5d.npz	--bkg	/pscratch/sd/j/josephrb/s5c-20260924/runs/p2/bkg_dump.npz	--expect-npz-sha256	07fccc1abc7204bc29349b4ba96850986fe91e909e83fc54e8d1a6b3922a649f	--expect-bkg-sha256	2addac8f26055c5ed69862e7afe29e12ac51dbe23a8d6eeed79d71bec9d82955	--bkg-mode	negweight-refined	--truth	nominal	--amplitude	0.0	--pseudo-seeds	800010:800014	--out	/pscratch/sd/j/josephrb/s5e-20260925/runs/cand/assess/nominal
aN_s800015	s5e_candidate.py	--candidate	R	--	--npz	/pscratch/sd/j/josephrb/MINERvA-OmniFold/nd-unfolding/of_inputs_5d.npz	--bkg	/pscratch/sd/j/josephrb/s5c-20260924/runs/p2/bkg_dump.npz	--expect-npz-sha256	07fccc1abc7204bc29349b4ba96850986fe91e909e83fc54e8d1a6b3922a649f	--expect-bkg-sha256	2addac8f26055c5ed69862e7afe29e12ac51dbe23a8d6eeed79d71bec9d82955	--bkg-mode	negweight-refined	--truth	nominal	--amplitude	0.0	--pseudo-seeds	800015:800019	--out	/pscratch/sd/j/josephrb/s5e-20260925/runs/cand/assess/nominal
aN_s800020	s5e_candidate.py	--candidate	R	--	--npz	/pscratch/sd/j/josephrb/MINERvA-OmniFold/nd-unfolding/of_inputs_5d.npz	--bkg	/pscratch/sd/j/josephrb/s5c-20260924/runs/p2/bkg_dump.npz	--expect-npz-sha256	07fccc1abc7204bc29349b4ba96850986fe91e909e83fc54e8d1a6b3922a649f	--expect-bkg-sha256	2addac8f26055c5ed69862e7afe29e12ac51dbe23a8d6eeed79d71bec9d82955	--bkg-mode	negweight-refined	--truth	nominal	--amplitude	0.0	--pseudo-seeds	800020:800024	--out	/pscratch/sd/j/josephrb/s5e-20260925/runs/cand/assess/nominal
aN_s800025	s5e_candidate.py	--candidate	R	--	--npz	/pscratch/sd/j/josephrb/MINERvA-OmniFold/nd-unfolding/of_inputs_5d.npz	--bkg	/pscratch/sd/j/josephrb/s5c-20260924/runs/p2/bkg_dump.npz	--expect-npz-sha256	07fccc1abc7204bc29349b4ba96850986fe91e909e83fc54e8d1a6b3922a649f	--expect-bkg-sha256	2addac8f26055c5ed69862e7afe29e12ac51dbe23a8d6eeed79d71bec9d82955	--bkg-mode	negweight-refined	--truth	nominal	--amplitude	0.0	--pseudo-seeds	800025:800029	--out	/pscratch/sd/j/josephrb/s5e-20260925/runs/cand/assess/nominal
aN_s800030	s5e_candidate.py	--candidate	R	--	--npz	/pscratch/sd/j/josephrb/MINERvA-OmniFold/nd-unfolding/of_inputs_5d.npz	--bkg	/pscratch/sd/j/josephrb/s5c-20260924/runs/p2/bkg_dump.npz	--expect-npz-sha256	07fccc1abc7204bc29349b4ba96850986fe91e909e83fc54e8d1a6b3922a649f	--expect-bkg-sha256	2addac8f26055c5ed69862e7afe29e12ac51dbe23a8d6eeed79d71bec9d82955	--bkg-mode	negweight-refined	--truth	nominal	--amplitude	0.0	--pseudo-seeds	800030:800034	--out	/pscratch/sd/j/josephrb/s5e-20260925/runs/cand/assess/nominal
aN_s800035	s5e_candidate.py	--candidate	R	--	--npz	/pscratch/sd/j/josephrb/MINERvA-OmniFold/nd-unfolding/of_inputs_5d.npz	--bkg	/pscratch/sd/j/josephrb/s5c-20260924/runs/p2/bkg_dump.npz	--expect-npz-sha256	07fccc1abc7204bc29349b4ba96850986fe91e909e83fc54e8d1a6b3922a649f	--expect-bkg-sha256	2addac8f26055c5ed69862e7afe29e12ac51dbe23a8d6eeed79d71bec9d82955	--bkg-mode	negweight-refined	--truth	nominal	--amplitude	0.0	--pseudo-seeds	800035:800039	--out	/pscratch/sd/j/josephrb/s5e-20260925/runs/cand/assess/nominal
aeavail_gibuu_s801000	s5e_candidate.py	--candidate	R	--	--npz	/pscratch/sd/j/josephrb/MINERvA-OmniFold/nd-unfolding/of_inputs_5d.npz	--bkg	/pscratch/sd/j/josephrb/s5c-20260924/runs/p2/bkg_dump.npz	--expect-npz-sha256	07fccc1abc7204bc29349b4ba96850986fe91e909e83fc54e8d1a6b3922a649f	--expect-bkg-sha256	2addac8f26055c5ed69862e7afe29e12ac51dbe23a8d6eeed79d71bec9d82955	--bkg-mode	negweight-refined	--truth	eavail_shape	--amplitude	1.0	--eavail-ratio	docs/orchestration/state/s5n/eavail-ratio-gibuu-over-genie.json	--pseudo-seeds	801000:801004	--out	/pscratch/sd/j/josephrb/s5e-20260925/runs/cand/assess/eavail_gibuu
aeavail_gibuu_s801005	s5e_candidate.py	--candidate	R	--	--npz	/pscratch/sd/j/josephrb/MINERvA-OmniFold/nd-unfolding/of_inputs_5d.npz	--bkg	/pscratch/sd/j/josephrb/s5c-20260924/runs/p2/bkg_dump.npz	--expect-npz-sha256	07fccc1abc7204bc29349b4ba96850986fe91e909e83fc54e8d1a6b3922a649f	--expect-bkg-sha256	2addac8f26055c5ed69862e7afe29e12ac51dbe23a8d6eeed79d71bec9d82955	--bkg-mode	negweight-refined	--truth	eavail_shape	--amplitude	1.0	--eavail-ratio	docs/orchestration/state/s5n/eavail-ratio-gibuu-over-genie.json	--pseudo-seeds	801005:801009	--out	/pscratch/sd/j/josephrb/s5e-20260925/runs/cand/assess/eavail_gibuu
aeavail_gibuu_s801010	s5e_candidate.py	--candidate	R	--	--npz	/pscratch/sd/j/josephrb/MINERvA-OmniFold/nd-unfolding/of_inputs_5d.npz	--bkg	/pscratch/sd/j/josephrb/s5c-20260924/runs/p2/bkg_dump.npz	--expect-npz-sha256	07fccc1abc7204bc29349b4ba96850986fe91e909e83fc54e8d1a6b3922a649f	--expect-bkg-sha256	2addac8f26055c5ed69862e7afe29e12ac51dbe23a8d6eeed79d71bec9d82955	--bkg-mode	negweight-refined	--truth	eavail_shape	--amplitude	1.0	--eavail-ratio	docs/orchestration/state/s5n/eavail-ratio-gibuu-over-genie.json	--pseudo-seeds	801010:801014	--out	/pscratch/sd/j/josephrb/s5e-20260925/runs/cand/assess/eavail_gibuu
aeavail_gibuu_s801015	s5e_candidate.py	--candidate	R	--	--npz	/pscratch/sd/j/josephrb/MINERvA-OmniFold/nd-unfolding/of_inputs_5d.npz	--bkg	/pscratch/sd/j/josephrb/s5c-20260924/runs/p2/bkg_dump.npz	--expect-npz-sha256	07fccc1abc7204bc29349b4ba96850986fe91e909e83fc54e8d1a6b3922a649f	--expect-bkg-sha256	2addac8f26055c5ed69862e7afe29e12ac51dbe23a8d6eeed79d71bec9d82955	--bkg-mode	negweight-refined	--truth	eavail_shape	--amplitude	1.0	--eavail-ratio	docs/orchestration/state/s5n/eavail-ratio-gibuu-over-genie.json	--pseudo-seeds	801015:801019	--out	/pscratch/sd/j/josephrb/s5e-20260925/runs/cand/assess/eavail_gibuu
aq3_s802000	s5e_candidate.py	--candidate	R	--	--npz	/pscratch/sd/j/josephrb/MINERvA-OmniFold/nd-unfolding/of_inputs_5d.npz	--bkg	/pscratch/sd/j/josephrb/s5c-20260924/runs/p2/bkg_dump.npz	--expect-npz-sha256	07fccc1abc7204bc29349b4ba96850986fe91e909e83fc54e8d1a6b3922a649f	--expect-bkg-sha256	2addac8f26055c5ed69862e7afe29e12ac51dbe23a8d6eeed79d71bec9d82955	--bkg-mode	negweight-refined	--truth	q3_given_eavail_w	--amplitude	0.3	--pseudo-seeds	802000:802004	--out	/pscratch/sd/j/josephrb/s5e-20260925/runs/cand/assess/q3
aq3_s802005	s5e_candidate.py	--candidate	R	--	--npz	/pscratch/sd/j/josephrb/MINERvA-OmniFold/nd-unfolding/of_inputs_5d.npz	--bkg	/pscratch/sd/j/josephrb/s5c-20260924/runs/p2/bkg_dump.npz	--expect-npz-sha256	07fccc1abc7204bc29349b4ba96850986fe91e909e83fc54e8d1a6b3922a649f	--expect-bkg-sha256	2addac8f26055c5ed69862e7afe29e12ac51dbe23a8d6eeed79d71bec9d82955	--bkg-mode	negweight-refined	--truth	q3_given_eavail_w	--amplitude	0.3	--pseudo-seeds	802005:802009	--out	/pscratch/sd/j/josephrb/s5e-20260925/runs/cand/assess/q3
aq3_s802010	s5e_candidate.py	--candidate	R	--	--npz	/pscratch/sd/j/josephrb/MINERvA-OmniFold/nd-unfolding/of_inputs_5d.npz	--bkg	/pscratch/sd/j/josephrb/s5c-20260924/runs/p2/bkg_dump.npz	--expect-npz-sha256	07fccc1abc7204bc29349b4ba96850986fe91e909e83fc54e8d1a6b3922a649f	--expect-bkg-sha256	2addac8f26055c5ed69862e7afe29e12ac51dbe23a8d6eeed79d71bec9d82955	--bkg-mode	negweight-refined	--truth	q3_given_eavail_w	--amplitude	0.3	--pseudo-seeds	802010:802014	--out	/pscratch/sd/j/josephrb/s5e-20260925/runs/cand/assess/q3
aq3_s802015	s5e_candidate.py	--candidate	R	--	--npz	/pscratch/sd/j/josephrb/MINERvA-OmniFold/nd-unfolding/of_inputs_5d.npz	--bkg	/pscratch/sd/j/josephrb/s5c-20260924/runs/p2/bkg_dump.npz	--expect-npz-sha256	07fccc1abc7204bc29349b4ba96850986fe91e909e83fc54e8d1a6b3922a649f	--expect-bkg-sha256	2addac8f26055c5ed69862e7afe29e12ac51dbe23a8d6eeed79d71bec9d82955	--bkg-mode	negweight-refined	--truth	q3_given_eavail_w	--amplitude	0.3	--pseudo-seeds	802015:802019	--out	/pscratch/sd/j/josephrb/s5e-20260925/runs/cand/assess/q3
aW1_s803000	s5e_candidate.py	--candidate	R	--	--npz	/pscratch/sd/j/josephrb/MINERvA-OmniFold/nd-unfolding/of_inputs_5d.npz	--bkg	/pscratch/sd/j/josephrb/s5c-20260924/runs/p2/bkg_dump.npz	--expect-npz-sha256	07fccc1abc7204bc29349b4ba96850986fe91e909e83fc54e8d1a6b3922a649f	--expect-bkg-sha256	2addac8f26055c5ed69862e7afe29e12ac51dbe23a8d6eeed79d71bec9d82955	--bkg-mode	negweight-refined	--truth	eavail_shape	--amplitude	1.0	--eavail-ratio	docs/orchestration/state/s5n/eavail-ratio-nuwro-over-genie.json	--pseudo-seeds	803000:803004	--out	/pscratch/sd/j/josephrb/s5e-20260925/runs/cand/assess/W1
aW1_s803005	s5e_candidate.py	--candidate	R	--	--npz	/pscratch/sd/j/josephrb/MINERvA-OmniFold/nd-unfolding/of_inputs_5d.npz	--bkg	/pscratch/sd/j/josephrb/s5c-20260924/runs/p2/bkg_dump.npz	--expect-npz-sha256	07fccc1abc7204bc29349b4ba96850986fe91e909e83fc54e8d1a6b3922a649f	--expect-bkg-sha256	2addac8f26055c5ed69862e7afe29e12ac51dbe23a8d6eeed79d71bec9d82955	--bkg-mode	negweight-refined	--truth	eavail_shape	--amplitude	1.0	--eavail-ratio	docs/orchestration/state/s5n/eavail-ratio-nuwro-over-genie.json	--pseudo-seeds	803005:803009	--out	/pscratch/sd/j/josephrb/s5e-20260925/runs/cand/assess/W1
aW1_s803010	s5e_candidate.py	--candidate	R	--	--npz	/pscratch/sd/j/josephrb/MINERvA-OmniFold/nd-unfolding/of_inputs_5d.npz	--bkg	/pscratch/sd/j/josephrb/s5c-20260924/runs/p2/bkg_dump.npz	--expect-npz-sha256	07fccc1abc7204bc29349b4ba96850986fe91e909e83fc54e8d1a6b3922a649f	--expect-bkg-sha256	2addac8f26055c5ed69862e7afe29e12ac51dbe23a8d6eeed79d71bec9d82955	--bkg-mode	negweight-refined	--truth	eavail_shape	--amplitude	1.0	--eavail-ratio	docs/orchestration/state/s5n/eavail-ratio-nuwro-over-genie.json	--pseudo-seeds	803010:803014	--out	/pscratch/sd/j/josephrb/s5e-20260925/runs/cand/assess/W1
aW1_s803015	s5e_candidate.py	--candidate	R	--	--npz	/pscratch/sd/j/josephrb/MINERvA-OmniFold/nd-unfolding/of_inputs_5d.npz	--bkg	/pscratch/sd/j/josephrb/s5c-20260924/runs/p2/bkg_dump.npz	--expect-npz-sha256	07fccc1abc7204bc29349b4ba96850986fe91e909e83fc54e8d1a6b3922a649f	--expect-bkg-sha256	2addac8f26055c5ed69862e7afe29e12ac51dbe23a8d6eeed79d71bec9d82955	--bkg-mode	negweight-refined	--truth	eavail_shape	--amplitude	1.0	--eavail-ratio	docs/orchestration/state/s5n/eavail-ratio-nuwro-over-genie.json	--pseudo-seeds	803015:803019	--out	/pscratch/sd/j/josephrb/s5e-20260925/runs/cand/assess/W1
aW2_s804000	s5e_candidate.py	--candidate	R	--	--npz	/pscratch/sd/j/josephrb/MINERvA-OmniFold/nd-unfolding/of_inputs_5d.npz	--bkg	/pscratch/sd/j/josephrb/s5c-20260924/runs/p2/bkg_dump.npz	--expect-npz-sha256	07fccc1abc7204bc29349b4ba96850986fe91e909e83fc54e8d1a6b3922a649f	--expect-bkg-sha256	2addac8f26055c5ed69862e7afe29e12ac51dbe23a8d6eeed79d71bec9d82955	--bkg-mode	negweight-refined	--truth	ratio_nd	--amplitude	1.0	--eavail-ratio	docs/orchestration/state/s5e/w2-genie-mec-over-cv-eavailW.json	--pseudo-seeds	804000:804004	--out	/pscratch/sd/j/josephrb/s5e-20260925/runs/cand/assess/W2
aW2_s804005	s5e_candidate.py	--candidate	R	--	--npz	/pscratch/sd/j/josephrb/MINERvA-OmniFold/nd-unfolding/of_inputs_5d.npz	--bkg	/pscratch/sd/j/josephrb/s5c-20260924/runs/p2/bkg_dump.npz	--expect-npz-sha256	07fccc1abc7204bc29349b4ba96850986fe91e909e83fc54e8d1a6b3922a649f	--expect-bkg-sha256	2addac8f26055c5ed69862e7afe29e12ac51dbe23a8d6eeed79d71bec9d82955	--bkg-mode	negweight-refined	--truth	ratio_nd	--amplitude	1.0	--eavail-ratio	docs/orchestration/state/s5e/w2-genie-mec-over-cv-eavailW.json	--pseudo-seeds	804005:804009	--out	/pscratch/sd/j/josephrb/s5e-20260925/runs/cand/assess/W2
aW2_s804010	s5e_candidate.py	--candidate	R	--	--npz	/pscratch/sd/j/josephrb/MINERvA-OmniFold/nd-unfolding/of_inputs_5d.npz	--bkg	/pscratch/sd/j/josephrb/s5c-20260924/runs/p2/bkg_dump.npz	--expect-npz-sha256	07fccc1abc7204bc29349b4ba96850986fe91e909e83fc54e8d1a6b3922a649f	--expect-bkg-sha256	2addac8f26055c5ed69862e7afe29e12ac51dbe23a8d6eeed79d71bec9d82955	--bkg-mode	negweight-refined	--truth	ratio_nd	--amplitude	1.0	--eavail-ratio	docs/orchestration/state/s5e/w2-genie-mec-over-cv-eavailW.json	--pseudo-seeds	804010:804014	--out	/pscratch/sd/j/josephrb/s5e-20260925/runs/cand/assess/W2
aW2_s804015	s5e_candidate.py	--candidate	R	--	--npz	/pscratch/sd/j/josephrb/MINERvA-OmniFold/nd-unfolding/of_inputs_5d.npz	--bkg	/pscratch/sd/j/josephrb/s5c-20260924/runs/p2/bkg_dump.npz	--expect-npz-sha256	07fccc1abc7204bc29349b4ba96850986fe91e909e83fc54e8d1a6b3922a649f	--expect-bkg-sha256	2addac8f26055c5ed69862e7afe29e12ac51dbe23a8d6eeed79d71bec9d82955	--bkg-mode	negweight-refined	--truth	ratio_nd	--amplitude	1.0	--eavail-ratio	docs/orchestration/state/s5e/w2-genie-mec-over-cv-eavailW.json	--pseudo-seeds	804015:804019	--out	/pscratch/sd/j/josephrb/s5e-20260925/runs/cand/assess/W2
aW3_s805000	s5e_candidate.py	--candidate	R	--	--npz	/pscratch/sd/j/josephrb/MINERvA-OmniFold/nd-unfolding/of_inputs_5d.npz	--bkg	/pscratch/sd/j/josephrb/s5c-20260924/runs/p2/bkg_dump.npz	--expect-npz-sha256	07fccc1abc7204bc29349b4ba96850986fe91e909e83fc54e8d1a6b3922a649f	--expect-bkg-sha256	2addac8f26055c5ed69862e7afe29e12ac51dbe23a8d6eeed79d71bec9d82955	--bkg-mode	negweight-refined	--truth	ratio_nd	--amplitude	1.0	--eavail-ratio	docs/orchestration/state/s5e/w3-nuwro-over-genie-pt-pz-eavail.json	--pseudo-seeds	805000:805004	--out	/pscratch/sd/j/josephrb/s5e-20260925/runs/cand/assess/W3
aW3_s805005	s5e_candidate.py	--candidate	R	--	--npz	/pscratch/sd/j/josephrb/MINERvA-OmniFold/nd-unfolding/of_inputs_5d.npz	--bkg	/pscratch/sd/j/josephrb/s5c-20260924/runs/p2/bkg_dump.npz	--expect-npz-sha256	07fccc1abc7204bc29349b4ba96850986fe91e909e83fc54e8d1a6b3922a649f	--expect-bkg-sha256	2addac8f26055c5ed69862e7afe29e12ac51dbe23a8d6eeed79d71bec9d82955	--bkg-mode	negweight-refined	--truth	ratio_nd	--amplitude	1.0	--eavail-ratio	docs/orchestration/state/s5e/w3-nuwro-over-genie-pt-pz-eavail.json	--pseudo-seeds	805005:805009	--out	/pscratch/sd/j/josephrb/s5e-20260925/runs/cand/assess/W3
aW3_s805010	s5e_candidate.py	--candidate	R	--	--npz	/pscratch/sd/j/josephrb/MINERvA-OmniFold/nd-unfolding/of_inputs_5d.npz	--bkg	/pscratch/sd/j/josephrb/s5c-20260924/runs/p2/bkg_dump.npz	--expect-npz-sha256	07fccc1abc7204bc29349b4ba96850986fe91e909e83fc54e8d1a6b3922a649f	--expect-bkg-sha256	2addac8f26055c5ed69862e7afe29e12ac51dbe23a8d6eeed79d71bec9d82955	--bkg-mode	negweight-refined	--truth	ratio_nd	--amplitude	1.0	--eavail-ratio	docs/orchestration/state/s5e/w3-nuwro-over-genie-pt-pz-eavail.json	--pseudo-seeds	805010:805014	--out	/pscratch/sd/j/josephrb/s5e-20260925/runs/cand/assess/W3
aW3_s805015	s5e_candidate.py	--candidate	R	--	--npz	/pscratch/sd/j/josephrb/MINERvA-OmniFold/nd-unfolding/of_inputs_5d.npz	--bkg	/pscratch/sd/j/josephrb/s5c-20260924/runs/p2/bkg_dump.npz	--expect-npz-sha256	07fccc1abc7204bc29349b4ba96850986fe91e909e83fc54e8d1a6b3922a649f	--expect-bkg-sha256	2addac8f26055c5ed69862e7afe29e12ac51dbe23a8d6eeed79d71bec9d82955	--bkg-mode	negweight-refined	--truth	ratio_nd	--amplitude	1.0	--eavail-ratio	docs/orchestration/state/s5e/w3-nuwro-over-genie-pt-pz-eavail.json	--pseudo-seeds	805015:805019	--out	/pscratch/sd/j/josephrb/s5e-20260925/runs/cand/assess/W3
databoot_b1	s5e_candidate.py	--candidate	R	--	--npz	/pscratch/sd/j/josephrb/MINERvA-OmniFold/nd-unfolding/of_inputs_5d.npz	--bkg	/pscratch/sd/j/josephrb/s5c-20260924/runs/p2/bkg_dump.npz	--expect-npz-sha256	07fccc1abc7204bc29349b4ba96850986fe91e909e83fc54e8d1a6b3922a649f	--expect-bkg-sha256	2addac8f26055c5ed69862e7afe29e12ac51dbe23a8d6eeed79d71bec9d82955	--bkg-mode	negweight-refined	--data	--bootstrap-seeds	1:5	--out	/pscratch/sd/j/josephrb/s5e-20260925/runs/cand/assess/data/boot
databoot_b6	s5e_candidate.py	--candidate	R	--	--npz	/pscratch/sd/j/josephrb/MINERvA-OmniFold/nd-unfolding/of_inputs_5d.npz	--bkg	/pscratch/sd/j/josephrb/s5c-20260924/runs/p2/bkg_dump.npz	--expect-npz-sha256	07fccc1abc7204bc29349b4ba96850986fe91e909e83fc54e8d1a6b3922a649f	--expect-bkg-sha256	2addac8f26055c5ed69862e7afe29e12ac51dbe23a8d6eeed79d71bec9d82955	--bkg-mode	negweight-refined	--data	--bootstrap-seeds	6:10	--out	/pscratch/sd/j/josephrb/s5e-20260925/runs/cand/assess/data/boot
databoot_b11	s5e_candidate.py	--candidate	R	--	--npz	/pscratch/sd/j/josephrb/MINERvA-OmniFold/nd-unfolding/of_inputs_5d.npz	--bkg	/pscratch/sd/j/josephrb/s5c-20260924/runs/p2/bkg_dump.npz	--expect-npz-sha256	07fccc1abc7204bc29349b4ba96850986fe91e909e83fc54e8d1a6b3922a649f	--expect-bkg-sha256	2addac8f26055c5ed69862e7afe29e12ac51dbe23a8d6eeed79d71bec9d82955	--bkg-mode	negweight-refined	--data	--bootstrap-seeds	11:15	--out	/pscratch/sd/j/josephrb/s5e-20260925/runs/cand/assess/data/boot
databoot_b16	s5e_candidate.py	--candidate	R	--	--npz	/pscratch/sd/j/josephrb/MINERvA-OmniFold/nd-unfolding/of_inputs_5d.npz	--bkg	/pscratch/sd/j/josephrb/s5c-20260924/runs/p2/bkg_dump.npz	--expect-npz-sha256	07fccc1abc7204bc29349b4ba96850986fe91e909e83fc54e8d1a6b3922a649f	--expect-bkg-sha256	2addac8f26055c5ed69862e7afe29e12ac51dbe23a8d6eeed79d71bec9d82955	--bkg-mode	negweight-refined	--data	--bootstrap-seeds	16:20	--out	/pscratch/sd/j/josephrb/s5e-20260925/runs/cand/assess/data/boot
a3_base	s5e_candidate.py	--candidate	R	--	--npz	/pscratch/sd/j/josephrb/MINERvA-OmniFold/nd-unfolding/of_inputs_5d.npz	--bkg	/pscratch/sd/j/josephrb/s5c-20260924/runs/p2/bkg_dump.npz	--expect-npz-sha256	07fccc1abc7204bc29349b4ba96850986fe91e909e83fc54e8d1a6b3922a649f	--expect-bkg-sha256	2addac8f26055c5ed69862e7afe29e12ac51dbe23a8d6eeed79d71bec9d82955	--bkg-mode	negweight-refined	--truth	nominal	--amplitude	0.0	--pseudo-seed	800000	--out	/pscratch/sd/j/josephrb/s5e-20260925/runs/cand/assess/a3/a3_base.npz
a3_seed43	s5e_candidate.py	--candidate	R	--	--npz	/pscratch/sd/j/josephrb/MINERvA-OmniFold/nd-unfolding/of_inputs_5d.npz	--bkg	/pscratch/sd/j/josephrb/s5c-20260924/runs/p2/bkg_dump.npz	--expect-npz-sha256	07fccc1abc7204bc29349b4ba96850986fe91e909e83fc54e8d1a6b3922a649f	--expect-bkg-sha256	2addac8f26055c5ed69862e7afe29e12ac51dbe23a8d6eeed79d71bec9d82955	--bkg-mode	negweight-refined	--truth	nominal	--amplitude	0.0	--pseudo-seed	800000	--estimator-seed	43	--out	/pscratch/sd/j/josephrb/s5e-20260925/runs/cand/assess/a3/a3_seed43.npz
a3_perm1	s5e_candidate.py	--candidate	R	--	--npz	/pscratch/sd/j/josephrb/MINERvA-OmniFold/nd-unfolding/of_inputs_5d.npz	--bkg	/pscratch/sd/j/josephrb/s5c-20260924/runs/p2/bkg_dump.npz	--expect-npz-sha256	07fccc1abc7204bc29349b4ba96850986fe91e909e83fc54e8d1a6b3922a649f	--expect-bkg-sha256	2addac8f26055c5ed69862e7afe29e12ac51dbe23a8d6eeed79d71bec9d82955	--bkg-mode	negweight-refined	--truth	nominal	--amplitude	0.0	--pseudo-seed	800000	--permute-seed	1	--out	/pscratch/sd/j/josephrb/s5e-20260925/runs/cand/assess/a3/a3_perm1.npz
a3_perm2	s5e_candidate.py	--candidate	R	--	--npz	/pscratch/sd/j/josephrb/MINERvA-OmniFold/nd-unfolding/of_inputs_5d.npz	--bkg	/pscratch/sd/j/josephrb/s5c-20260924/runs/p2/bkg_dump.npz	--expect-npz-sha256	07fccc1abc7204bc29349b4ba96850986fe91e909e83fc54e8d1a6b3922a649f	--expect-bkg-sha256	2addac8f26055c5ed69862e7afe29e12ac51dbe23a8d6eeed79d71bec9d82955	--bkg-mode	negweight-refined	--truth	nominal	--amplitude	0.0	--pseudo-seed	800000	--permute-seed	2	--out	/pscratch/sd/j/josephrb/s5e-20260925/runs/cand/assess/a3/a3_perm2.npz
data_R	s5e_candidate.py	--candidate	R	--	--npz	/pscratch/sd/j/josephrb/MINERvA-OmniFold/nd-unfolding/of_inputs_5d.npz	--bkg	/pscratch/sd/j/josephrb/s5c-20260924/runs/p2/bkg_dump.npz	--expect-npz-sha256	07fccc1abc7204bc29349b4ba96850986fe91e909e83fc54e8d1a6b3922a649f	--expect-bkg-sha256	2addac8f26055c5ed69862e7afe29e12ac51dbe23a8d6eeed79d71bec9d82955	--bkg-mode	negweight-refined	--data	--out	/pscratch/sd/j/josephrb/s5e-20260925/runs/cand/assess/data/data_R.npz
data_R_upcast	s5e_trace.py	--npz	/pscratch/sd/j/josephrb/MINERvA-OmniFold/nd-unfolding/of_inputs_5d.npz	--bkg	/pscratch/sd/j/josephrb/s5c-20260924/runs/p2/bkg_dump.npz	--expect-npz-sha256	07fccc1abc7204bc29349b4ba96850986fe91e909e83fc54e8d1a6b3922a649f	--expect-bkg-sha256	2addac8f26055c5ed69862e7afe29e12ac51dbe23a8d6eeed79d71bec9d82955	--s5c-contract	docs/orchestration/state/s5c/contract.json	--construction	data	--iters	5	--refine-capacity	400,31	--coords	float64	--out	/pscratch/sd/j/josephrb/s5e-20260925/runs/cand/assess/data/data_R_upcast.npz
data_R_jitteredge1	s5e_trace.py	--npz	/pscratch/sd/j/josephrb/MINERvA-OmniFold/nd-unfolding/of_inputs_5d.npz	--bkg	/pscratch/sd/j/josephrb/s5c-20260924/runs/p2/bkg_dump.npz	--expect-npz-sha256	07fccc1abc7204bc29349b4ba96850986fe91e909e83fc54e8d1a6b3922a649f	--expect-bkg-sha256	2addac8f26055c5ed69862e7afe29e12ac51dbe23a8d6eeed79d71bec9d82955	--s5c-contract	docs/orchestration/state/s5c/contract.json	--construction	data	--iters	5	--refine-capacity	400,31	--coords	float64	--jitter-f32	1	--jitter-mode	edge_safe	--out	/pscratch/sd/j/josephrb/s5e-20260925/runs/cand/assess/data/data_R_jitteredge1.npz
data_R_jitteredge2	s5e_trace.py	--npz	/pscratch/sd/j/josephrb/MINERvA-OmniFold/nd-unfolding/of_inputs_5d.npz	--bkg	/pscratch/sd/j/josephrb/s5c-20260924/runs/p2/bkg_dump.npz	--expect-npz-sha256	07fccc1abc7204bc29349b4ba96850986fe91e909e83fc54e8d1a6b3922a649f	--expect-bkg-sha256	2addac8f26055c5ed69862e7afe29e12ac51dbe23a8d6eeed79d71bec9d82955	--s5c-contract	docs/orchestration/state/s5c/contract.json	--construction	data	--iters	5	--refine-capacity	400,31	--coords	float64	--jitter-f32	2	--jitter-mode	edge_safe	--out	/pscratch/sd/j/josephrb/s5e-20260925/runs/cand/assess/data/data_R_jitteredge2.npz
databoot_b21	s5e_candidate.py	--candidate	R	--	--npz	/pscratch/sd/j/josephrb/MINERvA-OmniFold/nd-unfolding/of_inputs_5d.npz	--bkg	/pscratch/sd/j/josephrb/s5c-20260924/runs/p2/bkg_dump.npz	--expect-npz-sha256	07fccc1abc7204bc29349b4ba96850986fe91e909e83fc54e8d1a6b3922a649f	--expect-bkg-sha256	2addac8f26055c5ed69862e7afe29e12ac51dbe23a8d6eeed79d71bec9d82955	--bkg-mode	negweight-refined	--data	--bootstrap-seeds	21:25	--out	/pscratch/sd/j/josephrb/s5e-20260925/runs/cand/assess/data/boot
databoot_b26	s5e_candidate.py	--candidate	R	--	--npz	/pscratch/sd/j/josephrb/MINERvA-OmniFold/nd-unfolding/of_inputs_5d.npz	--bkg	/pscratch/sd/j/josephrb/s5c-20260924/runs/p2/bkg_dump.npz	--expect-npz-sha256	07fccc1abc7204bc29349b4ba96850986fe91e909e83fc54e8d1a6b3922a649f	--expect-bkg-sha256	2addac8f26055c5ed69862e7afe29e12ac51dbe23a8d6eeed79d71bec9d82955	--bkg-mode	negweight-refined	--data	--bootstrap-seeds	26:30	--out	/pscratch/sd/j/josephrb/s5e-20260925/runs/cand/assess/data/boot
databoot_b31	s5e_candidate.py	--candidate	R	--	--npz	/pscratch/sd/j/josephrb/MINERvA-OmniFold/nd-unfolding/of_inputs_5d.npz	--bkg	/pscratch/sd/j/josephrb/s5c-20260924/runs/p2/bkg_dump.npz	--expect-npz-sha256	07fccc1abc7204bc29349b4ba96850986fe91e909e83fc54e8d1a6b3922a649f	--expect-bkg-sha256	2addac8f26055c5ed69862e7afe29e12ac51dbe23a8d6eeed79d71bec9d82955	--bkg-mode	negweight-refined	--data	--bootstrap-seeds	31:35	--out	/pscratch/sd/j/josephrb/s5e-20260925/runs/cand/assess/data/boot
databoot_b36	s5e_candidate.py	--candidate	R	--	--npz	/pscratch/sd/j/josephrb/MINERvA-OmniFold/nd-unfolding/of_inputs_5d.npz	--bkg	/pscratch/sd/j/josephrb/s5c-20260924/runs/p2/bkg_dump.npz	--expect-npz-sha256	07fccc1abc7204bc29349b4ba96850986fe91e909e83fc54e8d1a6b3922a649f	--expect-bkg-sha256	2addac8f26055c5ed69862e7afe29e12ac51dbe23a8d6eeed79d71bec9d82955	--bkg-mode	negweight-refined	--data	--bootstrap-seeds	36:40	--out	/pscratch/sd/j/josephrb/s5e-20260925/runs/cand/assess/data/boot
databoot_b41	s5e_candidate.py	--candidate	R	--	--npz	/pscratch/sd/j/josephrb/MINERvA-OmniFold/nd-unfolding/of_inputs_5d.npz	--bkg	/pscratch/sd/j/josephrb/s5c-20260924/runs/p2/bkg_dump.npz	--expect-npz-sha256	07fccc1abc7204bc29349b4ba96850986fe91e909e83fc54e8d1a6b3922a649f	--expect-bkg-sha256	2addac8f26055c5ed69862e7afe29e12ac51dbe23a8d6eeed79d71bec9d82955	--bkg-mode	negweight-refined	--data	--bootstrap-seeds	41:45	--out	/pscratch/sd/j/josephrb/s5e-20260925/runs/cand/assess/data/boot
databoot_b46	s5e_candidate.py	--candidate	R	--	--npz	/pscratch/sd/j/josephrb/MINERvA-OmniFold/nd-unfolding/of_inputs_5d.npz	--bkg	/pscratch/sd/j/josephrb/s5c-20260924/runs/p2/bkg_dump.npz	--expect-npz-sha256	07fccc1abc7204bc29349b4ba96850986fe91e909e83fc54e8d1a6b3922a649f	--expect-bkg-sha256	2addac8f26055c5ed69862e7afe29e12ac51dbe23a8d6eeed79d71bec9d82955	--bkg-mode	negweight-refined	--data	--bootstrap-seeds	46:50	--out	/pscratch/sd/j/josephrb/s5e-20260925/runs/cand/assess/data/boot
databoot_b51	s5e_candidate.py	--candidate	R	--	--npz	/pscratch/sd/j/josephrb/MINERvA-OmniFold/nd-unfolding/of_inputs_5d.npz	--bkg	/pscratch/sd/j/josephrb/s5c-20260924/runs/p2/bkg_dump.npz	--expect-npz-sha256	07fccc1abc7204bc29349b4ba96850986fe91e909e83fc54e8d1a6b3922a649f	--expect-bkg-sha256	2addac8f26055c5ed69862e7afe29e12ac51dbe23a8d6eeed79d71bec9d82955	--bkg-mode	negweight-refined	--data	--bootstrap-seeds	51:55	--out	/pscratch/sd/j/josephrb/s5e-20260925/runs/cand/assess/data/boot
databoot_b56	s5e_candidate.py	--candidate	R	--	--npz	/pscratch/sd/j/josephrb/MINERvA-OmniFold/nd-unfolding/of_inputs_5d.npz	--bkg	/pscratch/sd/j/josephrb/s5c-20260924/runs/p2/bkg_dump.npz	--expect-npz-sha256	07fccc1abc7204bc29349b4ba96850986fe91e909e83fc54e8d1a6b3922a649f	--expect-bkg-sha256	2addac8f26055c5ed69862e7afe29e12ac51dbe23a8d6eeed79d71bec9d82955	--bkg-mode	negweight-refined	--data	--bootstrap-seeds	56:60	--out	/pscratch/sd/j/josephrb/s5e-20260925/runs/cand/assess/data/boot
databoot_b61	s5e_candidate.py	--candidate	R	--	--npz	/pscratch/sd/j/josephrb/MINERvA-OmniFold/nd-unfolding/of_inputs_5d.npz	--bkg	/pscratch/sd/j/josephrb/s5c-20260924/runs/p2/bkg_dump.npz	--expect-npz-sha256	07fccc1abc7204bc29349b4ba96850986fe91e909e83fc54e8d1a6b3922a649f	--expect-bkg-sha256	2addac8f26055c5ed69862e7afe29e12ac51dbe23a8d6eeed79d71bec9d82955	--bkg-mode	negweight-refined	--data	--bootstrap-seeds	61:65	--out	/pscratch/sd/j/josephrb/s5e-20260925/runs/cand/assess/data/boot
databoot_b66	s5e_candidate.py	--candidate	R	--	--npz	/pscratch/sd/j/josephrb/MINERvA-OmniFold/nd-unfolding/of_inputs_5d.npz	--bkg	/pscratch/sd/j/josephrb/s5c-20260924/runs/p2/bkg_dump.npz	--expect-npz-sha256	07fccc1abc7204bc29349b4ba96850986fe91e909e83fc54e8d1a6b3922a649f	--expect-bkg-sha256	2addac8f26055c5ed69862e7afe29e12ac51dbe23a8d6eeed79d71bec9d82955	--bkg-mode	negweight-refined	--data	--bootstrap-seeds	66:70	--out	/pscratch/sd/j/josephrb/s5e-20260925/runs/cand/assess/data/boot
databoot_b71	s5e_candidate.py	--candidate	R	--	--npz	/pscratch/sd/j/josephrb/MINERvA-OmniFold/nd-unfolding/of_inputs_5d.npz	--bkg	/pscratch/sd/j/josephrb/s5c-20260924/runs/p2/bkg_dump.npz	--expect-npz-sha256	07fccc1abc7204bc29349b4ba96850986fe91e909e83fc54e8d1a6b3922a649f	--expect-bkg-sha256	2addac8f26055c5ed69862e7afe29e12ac51dbe23a8d6eeed79d71bec9d82955	--bkg-mode	negweight-refined	--data	--bootstrap-seeds	71:75	--out	/pscratch/sd/j/josephrb/s5e-20260925/runs/cand/assess/data/boot
databoot_b76	s5e_candidate.py	--candidate	R	--	--npz	/pscratch/sd/j/josephrb/MINERvA-OmniFold/nd-unfolding/of_inputs_5d.npz	--bkg	/pscratch/sd/j/josephrb/s5c-20260924/runs/p2/bkg_dump.npz	--expect-npz-sha256	07fccc1abc7204bc29349b4ba96850986fe91e909e83fc54e8d1a6b3922a649f	--expect-bkg-sha256	2addac8f26055c5ed69862e7afe29e12ac51dbe23a8d6eeed79d71bec9d82955	--bkg-mode	negweight-refined	--data	--bootstrap-seeds	76:80	--out	/pscratch/sd/j/josephrb/s5e-20260925/runs/cand/assess/data/boot
databoot_b81	s5e_candidate.py	--candidate	R	--	--npz	/pscratch/sd/j/josephrb/MINERvA-OmniFold/nd-unfolding/of_inputs_5d.npz	--bkg	/pscratch/sd/j/josephrb/s5c-20260924/runs/p2/bkg_dump.npz	--expect-npz-sha256	07fccc1abc7204bc29349b4ba96850986fe91e909e83fc54e8d1a6b3922a649f	--expect-bkg-sha256	2addac8f26055c5ed69862e7afe29e12ac51dbe23a8d6eeed79d71bec9d82955	--bkg-mode	negweight-refined	--data	--bootstrap-seeds	81:85	--out	/pscratch/sd/j/josephrb/s5e-20260925/runs/cand/assess/data/boot
databoot_b86	s5e_candidate.py	--candidate	R	--	--npz	/pscratch/sd/j/josephrb/MINERvA-OmniFold/nd-unfolding/of_inputs_5d.npz	--bkg	/pscratch/sd/j/josephrb/s5c-20260924/runs/p2/bkg_dump.npz	--expect-npz-sha256	07fccc1abc7204bc29349b4ba96850986fe91e909e83fc54e8d1a6b3922a649f	--expect-bkg-sha256	2addac8f26055c5ed69862e7afe29e12ac51dbe23a8d6eeed79d71bec9d82955	--bkg-mode	negweight-refined	--data	--bootstrap-seeds	86:90	--out	/pscratch/sd/j/josephrb/s5e-20260925/runs/cand/assess/data/boot
databoot_b91	s5e_candidate.py	--candidate	R	--	--npz	/pscratch/sd/j/josephrb/MINERvA-OmniFold/nd-unfolding/of_inputs_5d.npz	--bkg	/pscratch/sd/j/josephrb/s5c-20260924/runs/p2/bkg_dump.npz	--expect-npz-sha256	07fccc1abc7204bc29349b4ba96850986fe91e909e83fc54e8d1a6b3922a649f	--expect-bkg-sha256	2addac8f26055c5ed69862e7afe29e12ac51dbe23a8d6eeed79d71bec9d82955	--bkg-mode	negweight-refined	--data	--bootstrap-seeds	91:95	--out	/pscratch/sd/j/josephrb/s5e-20260925/runs/cand/assess/data/boot
databoot_b96	s5e_candidate.py	--candidate	R	--	--npz	/pscratch/sd/j/josephrb/MINERvA-OmniFold/nd-unfolding/of_inputs_5d.npz	--bkg	/pscratch/sd/j/josephrb/s5c-20260924/runs/p2/bkg_dump.npz	--expect-npz-sha256	07fccc1abc7204bc29349b4ba96850986fe91e909e83fc54e8d1a6b3922a649f	--expect-bkg-sha256	2addac8f26055c5ed69862e7afe29e12ac51dbe23a8d6eeed79d71bec9d82955	--bkg-mode	negweight-refined	--data	--bootstrap-seeds	96:100	--out	/pscratch/sd/j/josephrb/s5e-20260925/runs/cand/assess/data/boot
