# s5e diagnosis D5 (capacity K15, missed-event unity K30), D4 (B0 noise-free scan K30) and D2(a,b) asimov probes (K5): asimov_same construction
asimov_cap_eavail	s5e_trace.py	--npz	/pscratch/sd/j/josephrb/MINERvA-OmniFold/nd-unfolding/of_inputs_5d.npz	--bkg	/pscratch/sd/j/josephrb/s5c-20260924/runs/p2/bkg_dump.npz	--expect-npz-sha256	07fccc1abc7204bc29349b4ba96850986fe91e909e83fc54e8d1a6b3922a649f	--expect-bkg-sha256	2addac8f26055c5ed69862e7afe29e12ac51dbe23a8d6eeed79d71bec9d82955	--s5c-contract	docs/orchestration/state/s5c/contract.json	--construction	asimov_same	--truth	eavail_shape	--amplitude	1.0	--eavail-ratio	docs/orchestration/state/s5n/eavail-ratio-gibuu-over-genie.json	--iters	15	--capacity	400,31	--out	{OUT}
asimov_cap_q3	s5e_trace.py	--npz	/pscratch/sd/j/josephrb/MINERvA-OmniFold/nd-unfolding/of_inputs_5d.npz	--bkg	/pscratch/sd/j/josephrb/s5c-20260924/runs/p2/bkg_dump.npz	--expect-npz-sha256	07fccc1abc7204bc29349b4ba96850986fe91e909e83fc54e8d1a6b3922a649f	--expect-bkg-sha256	2addac8f26055c5ed69862e7afe29e12ac51dbe23a8d6eeed79d71bec9d82955	--s5c-contract	docs/orchestration/state/s5c/contract.json	--construction	asimov_same	--truth	q3_given_eavail_w	--amplitude	0.3	--iters	15	--capacity	400,31	--out	{OUT}
asimov_unity_eavail	s5e_trace.py	--npz	/pscratch/sd/j/josephrb/MINERvA-OmniFold/nd-unfolding/of_inputs_5d.npz	--bkg	/pscratch/sd/j/josephrb/s5c-20260924/runs/p2/bkg_dump.npz	--expect-npz-sha256	07fccc1abc7204bc29349b4ba96850986fe91e909e83fc54e8d1a6b3922a649f	--expect-bkg-sha256	2addac8f26055c5ed69862e7afe29e12ac51dbe23a8d6eeed79d71bec9d82955	--s5c-contract	docs/orchestration/state/s5c/contract.json	--construction	asimov_same	--truth	eavail_shape	--amplitude	1.0	--eavail-ratio	docs/orchestration/state/s5n/eavail-ratio-gibuu-over-genie.json	--iters	30	--missed	unity	--out	{OUT}
asimov_unity_q3	s5e_trace.py	--npz	/pscratch/sd/j/josephrb/MINERvA-OmniFold/nd-unfolding/of_inputs_5d.npz	--bkg	/pscratch/sd/j/josephrb/s5c-20260924/runs/p2/bkg_dump.npz	--expect-npz-sha256	07fccc1abc7204bc29349b4ba96850986fe91e909e83fc54e8d1a6b3922a649f	--expect-bkg-sha256	2addac8f26055c5ed69862e7afe29e12ac51dbe23a8d6eeed79d71bec9d82955	--s5c-contract	docs/orchestration/state/s5c/contract.json	--construction	asimov_same	--truth	q3_given_eavail_w	--amplitude	0.3	--iters	30	--missed	unity	--out	{OUT}
asimov_b0_nominal	s5e_trace.py	--npz	/pscratch/sd/j/josephrb/MINERvA-OmniFold/nd-unfolding/of_inputs_5d.npz	--bkg	/pscratch/sd/j/josephrb/s5c-20260924/runs/p2/bkg_dump.npz	--expect-npz-sha256	07fccc1abc7204bc29349b4ba96850986fe91e909e83fc54e8d1a6b3922a649f	--expect-bkg-sha256	2addac8f26055c5ed69862e7afe29e12ac51dbe23a8d6eeed79d71bec9d82955	--s5c-contract	docs/orchestration/state/s5c/contract.json	--construction	asimov_same	--truth	nominal	--amplitude	0.0	--iters	30	--out	{OUT}
asimov_b0_eavail	s5e_trace.py	--npz	/pscratch/sd/j/josephrb/MINERvA-OmniFold/nd-unfolding/of_inputs_5d.npz	--bkg	/pscratch/sd/j/josephrb/s5c-20260924/runs/p2/bkg_dump.npz	--expect-npz-sha256	07fccc1abc7204bc29349b4ba96850986fe91e909e83fc54e8d1a6b3922a649f	--expect-bkg-sha256	2addac8f26055c5ed69862e7afe29e12ac51dbe23a8d6eeed79d71bec9d82955	--s5c-contract	docs/orchestration/state/s5c/contract.json	--construction	asimov_same	--truth	eavail_shape	--amplitude	1.0	--eavail-ratio	docs/orchestration/state/s5n/eavail-ratio-gibuu-over-genie.json	--iters	30	--out	{OUT}
asimov_b0_q3	s5e_trace.py	--npz	/pscratch/sd/j/josephrb/MINERvA-OmniFold/nd-unfolding/of_inputs_5d.npz	--bkg	/pscratch/sd/j/josephrb/s5c-20260924/runs/p2/bkg_dump.npz	--expect-npz-sha256	07fccc1abc7204bc29349b4ba96850986fe91e909e83fc54e8d1a6b3922a649f	--expect-bkg-sha256	2addac8f26055c5ed69862e7afe29e12ac51dbe23a8d6eeed79d71bec9d82955	--s5c-contract	docs/orchestration/state/s5c/contract.json	--construction	asimov_same	--truth	q3_given_eavail_w	--amplitude	0.3	--iters	30	--out	{OUT}
asimov_eavail_upcast	s5e_trace.py	--npz	/pscratch/sd/j/josephrb/MINERvA-OmniFold/nd-unfolding/of_inputs_5d.npz	--bkg	/pscratch/sd/j/josephrb/s5c-20260924/runs/p2/bkg_dump.npz	--expect-npz-sha256	07fccc1abc7204bc29349b4ba96850986fe91e909e83fc54e8d1a6b3922a649f	--expect-bkg-sha256	2addac8f26055c5ed69862e7afe29e12ac51dbe23a8d6eeed79d71bec9d82955	--s5c-contract	docs/orchestration/state/s5c/contract.json	--construction	asimov_same	--truth	eavail_shape	--amplitude	1.0	--eavail-ratio	docs/orchestration/state/s5n/eavail-ratio-gibuu-over-genie.json	--iters	5	--coords	float64	--out	{OUT}
asimov_eavail_jitter1	s5e_trace.py	--npz	/pscratch/sd/j/josephrb/MINERvA-OmniFold/nd-unfolding/of_inputs_5d.npz	--bkg	/pscratch/sd/j/josephrb/s5c-20260924/runs/p2/bkg_dump.npz	--expect-npz-sha256	07fccc1abc7204bc29349b4ba96850986fe91e909e83fc54e8d1a6b3922a649f	--expect-bkg-sha256	2addac8f26055c5ed69862e7afe29e12ac51dbe23a8d6eeed79d71bec9d82955	--s5c-contract	docs/orchestration/state/s5c/contract.json	--construction	asimov_same	--truth	eavail_shape	--amplitude	1.0	--eavail-ratio	docs/orchestration/state/s5n/eavail-ratio-gibuu-over-genie.json	--iters	5	--coords	float64	--jitter-f32	1	--out	{OUT}
asimov_eavail_seedper	s5e_trace.py	--npz	/pscratch/sd/j/josephrb/MINERvA-OmniFold/nd-unfolding/of_inputs_5d.npz	--bkg	/pscratch/sd/j/josephrb/s5c-20260924/runs/p2/bkg_dump.npz	--expect-npz-sha256	07fccc1abc7204bc29349b4ba96850986fe91e909e83fc54e8d1a6b3922a649f	--expect-bkg-sha256	2addac8f26055c5ed69862e7afe29e12ac51dbe23a8d6eeed79d71bec9d82955	--s5c-contract	docs/orchestration/state/s5c/contract.json	--construction	asimov_same	--truth	eavail_shape	--amplitude	1.0	--eavail-ratio	docs/orchestration/state/s5n/eavail-ratio-gibuu-over-genie.json	--iters	5	--seed-per-estimator	--out	{OUT}
