# s5e diagnosis D7: nominal background-related bias, paired over s5n seeds 300000-300011: B0 background-inclusive (300004-300011; 300000-300003 from D3), signal-only (same), refinement-capacity and expectation-template variants (all 12)
bkg_b0_s300004	s5e_trace.py	--npz	/pscratch/sd/j/josephrb/MINERvA-OmniFold/nd-unfolding/of_inputs_5d.npz	--bkg	/pscratch/sd/j/josephrb/s5c-20260924/runs/p2/bkg_dump.npz	--expect-npz-sha256	07fccc1abc7204bc29349b4ba96850986fe91e909e83fc54e8d1a6b3922a649f	--expect-bkg-sha256	2addac8f26055c5ed69862e7afe29e12ac51dbe23a8d6eeed79d71bec9d82955	--s5c-contract	docs/orchestration/state/s5c/contract.json	--construction	pseudo	--truth	nominal	--amplitude	0.0	--pseudo-seed	300004	--iters	5	--out	{OUT}
bkg_sig_s300004	s5e_trace.py	--npz	/pscratch/sd/j/josephrb/MINERvA-OmniFold/nd-unfolding/of_inputs_5d.npz	--bkg	/pscratch/sd/j/josephrb/s5c-20260924/runs/p2/bkg_dump.npz	--expect-npz-sha256	07fccc1abc7204bc29349b4ba96850986fe91e909e83fc54e8d1a6b3922a649f	--expect-bkg-sha256	2addac8f26055c5ed69862e7afe29e12ac51dbe23a8d6eeed79d71bec9d82955	--s5c-contract	docs/orchestration/state/s5c/contract.json	--construction	pseudo	--truth	nominal	--amplitude	0.0	--pseudo-seed	300004	--no-background	--iters	5	--out	{OUT}
bkg_b0_s300005	s5e_trace.py	--npz	/pscratch/sd/j/josephrb/MINERvA-OmniFold/nd-unfolding/of_inputs_5d.npz	--bkg	/pscratch/sd/j/josephrb/s5c-20260924/runs/p2/bkg_dump.npz	--expect-npz-sha256	07fccc1abc7204bc29349b4ba96850986fe91e909e83fc54e8d1a6b3922a649f	--expect-bkg-sha256	2addac8f26055c5ed69862e7afe29e12ac51dbe23a8d6eeed79d71bec9d82955	--s5c-contract	docs/orchestration/state/s5c/contract.json	--construction	pseudo	--truth	nominal	--amplitude	0.0	--pseudo-seed	300005	--iters	5	--out	{OUT}
bkg_sig_s300005	s5e_trace.py	--npz	/pscratch/sd/j/josephrb/MINERvA-OmniFold/nd-unfolding/of_inputs_5d.npz	--bkg	/pscratch/sd/j/josephrb/s5c-20260924/runs/p2/bkg_dump.npz	--expect-npz-sha256	07fccc1abc7204bc29349b4ba96850986fe91e909e83fc54e8d1a6b3922a649f	--expect-bkg-sha256	2addac8f26055c5ed69862e7afe29e12ac51dbe23a8d6eeed79d71bec9d82955	--s5c-contract	docs/orchestration/state/s5c/contract.json	--construction	pseudo	--truth	nominal	--amplitude	0.0	--pseudo-seed	300005	--no-background	--iters	5	--out	{OUT}
bkg_b0_s300006	s5e_trace.py	--npz	/pscratch/sd/j/josephrb/MINERvA-OmniFold/nd-unfolding/of_inputs_5d.npz	--bkg	/pscratch/sd/j/josephrb/s5c-20260924/runs/p2/bkg_dump.npz	--expect-npz-sha256	07fccc1abc7204bc29349b4ba96850986fe91e909e83fc54e8d1a6b3922a649f	--expect-bkg-sha256	2addac8f26055c5ed69862e7afe29e12ac51dbe23a8d6eeed79d71bec9d82955	--s5c-contract	docs/orchestration/state/s5c/contract.json	--construction	pseudo	--truth	nominal	--amplitude	0.0	--pseudo-seed	300006	--iters	5	--out	{OUT}
bkg_sig_s300006	s5e_trace.py	--npz	/pscratch/sd/j/josephrb/MINERvA-OmniFold/nd-unfolding/of_inputs_5d.npz	--bkg	/pscratch/sd/j/josephrb/s5c-20260924/runs/p2/bkg_dump.npz	--expect-npz-sha256	07fccc1abc7204bc29349b4ba96850986fe91e909e83fc54e8d1a6b3922a649f	--expect-bkg-sha256	2addac8f26055c5ed69862e7afe29e12ac51dbe23a8d6eeed79d71bec9d82955	--s5c-contract	docs/orchestration/state/s5c/contract.json	--construction	pseudo	--truth	nominal	--amplitude	0.0	--pseudo-seed	300006	--no-background	--iters	5	--out	{OUT}
bkg_b0_s300007	s5e_trace.py	--npz	/pscratch/sd/j/josephrb/MINERvA-OmniFold/nd-unfolding/of_inputs_5d.npz	--bkg	/pscratch/sd/j/josephrb/s5c-20260924/runs/p2/bkg_dump.npz	--expect-npz-sha256	07fccc1abc7204bc29349b4ba96850986fe91e909e83fc54e8d1a6b3922a649f	--expect-bkg-sha256	2addac8f26055c5ed69862e7afe29e12ac51dbe23a8d6eeed79d71bec9d82955	--s5c-contract	docs/orchestration/state/s5c/contract.json	--construction	pseudo	--truth	nominal	--amplitude	0.0	--pseudo-seed	300007	--iters	5	--out	{OUT}
bkg_sig_s300007	s5e_trace.py	--npz	/pscratch/sd/j/josephrb/MINERvA-OmniFold/nd-unfolding/of_inputs_5d.npz	--bkg	/pscratch/sd/j/josephrb/s5c-20260924/runs/p2/bkg_dump.npz	--expect-npz-sha256	07fccc1abc7204bc29349b4ba96850986fe91e909e83fc54e8d1a6b3922a649f	--expect-bkg-sha256	2addac8f26055c5ed69862e7afe29e12ac51dbe23a8d6eeed79d71bec9d82955	--s5c-contract	docs/orchestration/state/s5c/contract.json	--construction	pseudo	--truth	nominal	--amplitude	0.0	--pseudo-seed	300007	--no-background	--iters	5	--out	{OUT}
bkg_b0_s300008	s5e_trace.py	--npz	/pscratch/sd/j/josephrb/MINERvA-OmniFold/nd-unfolding/of_inputs_5d.npz	--bkg	/pscratch/sd/j/josephrb/s5c-20260924/runs/p2/bkg_dump.npz	--expect-npz-sha256	07fccc1abc7204bc29349b4ba96850986fe91e909e83fc54e8d1a6b3922a649f	--expect-bkg-sha256	2addac8f26055c5ed69862e7afe29e12ac51dbe23a8d6eeed79d71bec9d82955	--s5c-contract	docs/orchestration/state/s5c/contract.json	--construction	pseudo	--truth	nominal	--amplitude	0.0	--pseudo-seed	300008	--iters	5	--out	{OUT}
bkg_sig_s300008	s5e_trace.py	--npz	/pscratch/sd/j/josephrb/MINERvA-OmniFold/nd-unfolding/of_inputs_5d.npz	--bkg	/pscratch/sd/j/josephrb/s5c-20260924/runs/p2/bkg_dump.npz	--expect-npz-sha256	07fccc1abc7204bc29349b4ba96850986fe91e909e83fc54e8d1a6b3922a649f	--expect-bkg-sha256	2addac8f26055c5ed69862e7afe29e12ac51dbe23a8d6eeed79d71bec9d82955	--s5c-contract	docs/orchestration/state/s5c/contract.json	--construction	pseudo	--truth	nominal	--amplitude	0.0	--pseudo-seed	300008	--no-background	--iters	5	--out	{OUT}
bkg_b0_s300009	s5e_trace.py	--npz	/pscratch/sd/j/josephrb/MINERvA-OmniFold/nd-unfolding/of_inputs_5d.npz	--bkg	/pscratch/sd/j/josephrb/s5c-20260924/runs/p2/bkg_dump.npz	--expect-npz-sha256	07fccc1abc7204bc29349b4ba96850986fe91e909e83fc54e8d1a6b3922a649f	--expect-bkg-sha256	2addac8f26055c5ed69862e7afe29e12ac51dbe23a8d6eeed79d71bec9d82955	--s5c-contract	docs/orchestration/state/s5c/contract.json	--construction	pseudo	--truth	nominal	--amplitude	0.0	--pseudo-seed	300009	--iters	5	--out	{OUT}
bkg_sig_s300009	s5e_trace.py	--npz	/pscratch/sd/j/josephrb/MINERvA-OmniFold/nd-unfolding/of_inputs_5d.npz	--bkg	/pscratch/sd/j/josephrb/s5c-20260924/runs/p2/bkg_dump.npz	--expect-npz-sha256	07fccc1abc7204bc29349b4ba96850986fe91e909e83fc54e8d1a6b3922a649f	--expect-bkg-sha256	2addac8f26055c5ed69862e7afe29e12ac51dbe23a8d6eeed79d71bec9d82955	--s5c-contract	docs/orchestration/state/s5c/contract.json	--construction	pseudo	--truth	nominal	--amplitude	0.0	--pseudo-seed	300009	--no-background	--iters	5	--out	{OUT}
bkg_b0_s300010	s5e_trace.py	--npz	/pscratch/sd/j/josephrb/MINERvA-OmniFold/nd-unfolding/of_inputs_5d.npz	--bkg	/pscratch/sd/j/josephrb/s5c-20260924/runs/p2/bkg_dump.npz	--expect-npz-sha256	07fccc1abc7204bc29349b4ba96850986fe91e909e83fc54e8d1a6b3922a649f	--expect-bkg-sha256	2addac8f26055c5ed69862e7afe29e12ac51dbe23a8d6eeed79d71bec9d82955	--s5c-contract	docs/orchestration/state/s5c/contract.json	--construction	pseudo	--truth	nominal	--amplitude	0.0	--pseudo-seed	300010	--iters	5	--out	{OUT}
bkg_sig_s300010	s5e_trace.py	--npz	/pscratch/sd/j/josephrb/MINERvA-OmniFold/nd-unfolding/of_inputs_5d.npz	--bkg	/pscratch/sd/j/josephrb/s5c-20260924/runs/p2/bkg_dump.npz	--expect-npz-sha256	07fccc1abc7204bc29349b4ba96850986fe91e909e83fc54e8d1a6b3922a649f	--expect-bkg-sha256	2addac8f26055c5ed69862e7afe29e12ac51dbe23a8d6eeed79d71bec9d82955	--s5c-contract	docs/orchestration/state/s5c/contract.json	--construction	pseudo	--truth	nominal	--amplitude	0.0	--pseudo-seed	300010	--no-background	--iters	5	--out	{OUT}
bkg_b0_s300011	s5e_trace.py	--npz	/pscratch/sd/j/josephrb/MINERvA-OmniFold/nd-unfolding/of_inputs_5d.npz	--bkg	/pscratch/sd/j/josephrb/s5c-20260924/runs/p2/bkg_dump.npz	--expect-npz-sha256	07fccc1abc7204bc29349b4ba96850986fe91e909e83fc54e8d1a6b3922a649f	--expect-bkg-sha256	2addac8f26055c5ed69862e7afe29e12ac51dbe23a8d6eeed79d71bec9d82955	--s5c-contract	docs/orchestration/state/s5c/contract.json	--construction	pseudo	--truth	nominal	--amplitude	0.0	--pseudo-seed	300011	--iters	5	--out	{OUT}
bkg_sig_s300011	s5e_trace.py	--npz	/pscratch/sd/j/josephrb/MINERvA-OmniFold/nd-unfolding/of_inputs_5d.npz	--bkg	/pscratch/sd/j/josephrb/s5c-20260924/runs/p2/bkg_dump.npz	--expect-npz-sha256	07fccc1abc7204bc29349b4ba96850986fe91e909e83fc54e8d1a6b3922a649f	--expect-bkg-sha256	2addac8f26055c5ed69862e7afe29e12ac51dbe23a8d6eeed79d71bec9d82955	--s5c-contract	docs/orchestration/state/s5c/contract.json	--construction	pseudo	--truth	nominal	--amplitude	0.0	--pseudo-seed	300011	--no-background	--iters	5	--out	{OUT}
bkg_refcap_s300000	s5e_trace.py	--npz	/pscratch/sd/j/josephrb/MINERvA-OmniFold/nd-unfolding/of_inputs_5d.npz	--bkg	/pscratch/sd/j/josephrb/s5c-20260924/runs/p2/bkg_dump.npz	--expect-npz-sha256	07fccc1abc7204bc29349b4ba96850986fe91e909e83fc54e8d1a6b3922a649f	--expect-bkg-sha256	2addac8f26055c5ed69862e7afe29e12ac51dbe23a8d6eeed79d71bec9d82955	--s5c-contract	docs/orchestration/state/s5c/contract.json	--construction	pseudo	--truth	nominal	--amplitude	0.0	--pseudo-seed	300000	--refine-capacity	400,31	--iters	5	--out	{OUT}
bkg_exptmpl_s300000	s5e_trace.py	--npz	/pscratch/sd/j/josephrb/MINERvA-OmniFold/nd-unfolding/of_inputs_5d.npz	--bkg	/pscratch/sd/j/josephrb/s5c-20260924/runs/p2/bkg_dump.npz	--expect-npz-sha256	07fccc1abc7204bc29349b4ba96850986fe91e909e83fc54e8d1a6b3922a649f	--expect-bkg-sha256	2addac8f26055c5ed69862e7afe29e12ac51dbe23a8d6eeed79d71bec9d82955	--s5c-contract	docs/orchestration/state/s5c/contract.json	--construction	pseudo	--truth	nominal	--amplitude	0.0	--pseudo-seed	300000	--expectation-template	--iters	5	--out	{OUT}
bkg_refcap_s300001	s5e_trace.py	--npz	/pscratch/sd/j/josephrb/MINERvA-OmniFold/nd-unfolding/of_inputs_5d.npz	--bkg	/pscratch/sd/j/josephrb/s5c-20260924/runs/p2/bkg_dump.npz	--expect-npz-sha256	07fccc1abc7204bc29349b4ba96850986fe91e909e83fc54e8d1a6b3922a649f	--expect-bkg-sha256	2addac8f26055c5ed69862e7afe29e12ac51dbe23a8d6eeed79d71bec9d82955	--s5c-contract	docs/orchestration/state/s5c/contract.json	--construction	pseudo	--truth	nominal	--amplitude	0.0	--pseudo-seed	300001	--refine-capacity	400,31	--iters	5	--out	{OUT}
bkg_exptmpl_s300001	s5e_trace.py	--npz	/pscratch/sd/j/josephrb/MINERvA-OmniFold/nd-unfolding/of_inputs_5d.npz	--bkg	/pscratch/sd/j/josephrb/s5c-20260924/runs/p2/bkg_dump.npz	--expect-npz-sha256	07fccc1abc7204bc29349b4ba96850986fe91e909e83fc54e8d1a6b3922a649f	--expect-bkg-sha256	2addac8f26055c5ed69862e7afe29e12ac51dbe23a8d6eeed79d71bec9d82955	--s5c-contract	docs/orchestration/state/s5c/contract.json	--construction	pseudo	--truth	nominal	--amplitude	0.0	--pseudo-seed	300001	--expectation-template	--iters	5	--out	{OUT}
bkg_refcap_s300002	s5e_trace.py	--npz	/pscratch/sd/j/josephrb/MINERvA-OmniFold/nd-unfolding/of_inputs_5d.npz	--bkg	/pscratch/sd/j/josephrb/s5c-20260924/runs/p2/bkg_dump.npz	--expect-npz-sha256	07fccc1abc7204bc29349b4ba96850986fe91e909e83fc54e8d1a6b3922a649f	--expect-bkg-sha256	2addac8f26055c5ed69862e7afe29e12ac51dbe23a8d6eeed79d71bec9d82955	--s5c-contract	docs/orchestration/state/s5c/contract.json	--construction	pseudo	--truth	nominal	--amplitude	0.0	--pseudo-seed	300002	--refine-capacity	400,31	--iters	5	--out	{OUT}
bkg_exptmpl_s300002	s5e_trace.py	--npz	/pscratch/sd/j/josephrb/MINERvA-OmniFold/nd-unfolding/of_inputs_5d.npz	--bkg	/pscratch/sd/j/josephrb/s5c-20260924/runs/p2/bkg_dump.npz	--expect-npz-sha256	07fccc1abc7204bc29349b4ba96850986fe91e909e83fc54e8d1a6b3922a649f	--expect-bkg-sha256	2addac8f26055c5ed69862e7afe29e12ac51dbe23a8d6eeed79d71bec9d82955	--s5c-contract	docs/orchestration/state/s5c/contract.json	--construction	pseudo	--truth	nominal	--amplitude	0.0	--pseudo-seed	300002	--expectation-template	--iters	5	--out	{OUT}
bkg_refcap_s300003	s5e_trace.py	--npz	/pscratch/sd/j/josephrb/MINERvA-OmniFold/nd-unfolding/of_inputs_5d.npz	--bkg	/pscratch/sd/j/josephrb/s5c-20260924/runs/p2/bkg_dump.npz	--expect-npz-sha256	07fccc1abc7204bc29349b4ba96850986fe91e909e83fc54e8d1a6b3922a649f	--expect-bkg-sha256	2addac8f26055c5ed69862e7afe29e12ac51dbe23a8d6eeed79d71bec9d82955	--s5c-contract	docs/orchestration/state/s5c/contract.json	--construction	pseudo	--truth	nominal	--amplitude	0.0	--pseudo-seed	300003	--refine-capacity	400,31	--iters	5	--out	{OUT}
bkg_exptmpl_s300003	s5e_trace.py	--npz	/pscratch/sd/j/josephrb/MINERvA-OmniFold/nd-unfolding/of_inputs_5d.npz	--bkg	/pscratch/sd/j/josephrb/s5c-20260924/runs/p2/bkg_dump.npz	--expect-npz-sha256	07fccc1abc7204bc29349b4ba96850986fe91e909e83fc54e8d1a6b3922a649f	--expect-bkg-sha256	2addac8f26055c5ed69862e7afe29e12ac51dbe23a8d6eeed79d71bec9d82955	--s5c-contract	docs/orchestration/state/s5c/contract.json	--construction	pseudo	--truth	nominal	--amplitude	0.0	--pseudo-seed	300003	--expectation-template	--iters	5	--out	{OUT}
bkg_refcap_s300004	s5e_trace.py	--npz	/pscratch/sd/j/josephrb/MINERvA-OmniFold/nd-unfolding/of_inputs_5d.npz	--bkg	/pscratch/sd/j/josephrb/s5c-20260924/runs/p2/bkg_dump.npz	--expect-npz-sha256	07fccc1abc7204bc29349b4ba96850986fe91e909e83fc54e8d1a6b3922a649f	--expect-bkg-sha256	2addac8f26055c5ed69862e7afe29e12ac51dbe23a8d6eeed79d71bec9d82955	--s5c-contract	docs/orchestration/state/s5c/contract.json	--construction	pseudo	--truth	nominal	--amplitude	0.0	--pseudo-seed	300004	--refine-capacity	400,31	--iters	5	--out	{OUT}
bkg_exptmpl_s300004	s5e_trace.py	--npz	/pscratch/sd/j/josephrb/MINERvA-OmniFold/nd-unfolding/of_inputs_5d.npz	--bkg	/pscratch/sd/j/josephrb/s5c-20260924/runs/p2/bkg_dump.npz	--expect-npz-sha256	07fccc1abc7204bc29349b4ba96850986fe91e909e83fc54e8d1a6b3922a649f	--expect-bkg-sha256	2addac8f26055c5ed69862e7afe29e12ac51dbe23a8d6eeed79d71bec9d82955	--s5c-contract	docs/orchestration/state/s5c/contract.json	--construction	pseudo	--truth	nominal	--amplitude	0.0	--pseudo-seed	300004	--expectation-template	--iters	5	--out	{OUT}
bkg_refcap_s300005	s5e_trace.py	--npz	/pscratch/sd/j/josephrb/MINERvA-OmniFold/nd-unfolding/of_inputs_5d.npz	--bkg	/pscratch/sd/j/josephrb/s5c-20260924/runs/p2/bkg_dump.npz	--expect-npz-sha256	07fccc1abc7204bc29349b4ba96850986fe91e909e83fc54e8d1a6b3922a649f	--expect-bkg-sha256	2addac8f26055c5ed69862e7afe29e12ac51dbe23a8d6eeed79d71bec9d82955	--s5c-contract	docs/orchestration/state/s5c/contract.json	--construction	pseudo	--truth	nominal	--amplitude	0.0	--pseudo-seed	300005	--refine-capacity	400,31	--iters	5	--out	{OUT}
bkg_exptmpl_s300005	s5e_trace.py	--npz	/pscratch/sd/j/josephrb/MINERvA-OmniFold/nd-unfolding/of_inputs_5d.npz	--bkg	/pscratch/sd/j/josephrb/s5c-20260924/runs/p2/bkg_dump.npz	--expect-npz-sha256	07fccc1abc7204bc29349b4ba96850986fe91e909e83fc54e8d1a6b3922a649f	--expect-bkg-sha256	2addac8f26055c5ed69862e7afe29e12ac51dbe23a8d6eeed79d71bec9d82955	--s5c-contract	docs/orchestration/state/s5c/contract.json	--construction	pseudo	--truth	nominal	--amplitude	0.0	--pseudo-seed	300005	--expectation-template	--iters	5	--out	{OUT}
bkg_refcap_s300006	s5e_trace.py	--npz	/pscratch/sd/j/josephrb/MINERvA-OmniFold/nd-unfolding/of_inputs_5d.npz	--bkg	/pscratch/sd/j/josephrb/s5c-20260924/runs/p2/bkg_dump.npz	--expect-npz-sha256	07fccc1abc7204bc29349b4ba96850986fe91e909e83fc54e8d1a6b3922a649f	--expect-bkg-sha256	2addac8f26055c5ed69862e7afe29e12ac51dbe23a8d6eeed79d71bec9d82955	--s5c-contract	docs/orchestration/state/s5c/contract.json	--construction	pseudo	--truth	nominal	--amplitude	0.0	--pseudo-seed	300006	--refine-capacity	400,31	--iters	5	--out	{OUT}
bkg_exptmpl_s300006	s5e_trace.py	--npz	/pscratch/sd/j/josephrb/MINERvA-OmniFold/nd-unfolding/of_inputs_5d.npz	--bkg	/pscratch/sd/j/josephrb/s5c-20260924/runs/p2/bkg_dump.npz	--expect-npz-sha256	07fccc1abc7204bc29349b4ba96850986fe91e909e83fc54e8d1a6b3922a649f	--expect-bkg-sha256	2addac8f26055c5ed69862e7afe29e12ac51dbe23a8d6eeed79d71bec9d82955	--s5c-contract	docs/orchestration/state/s5c/contract.json	--construction	pseudo	--truth	nominal	--amplitude	0.0	--pseudo-seed	300006	--expectation-template	--iters	5	--out	{OUT}
bkg_refcap_s300007	s5e_trace.py	--npz	/pscratch/sd/j/josephrb/MINERvA-OmniFold/nd-unfolding/of_inputs_5d.npz	--bkg	/pscratch/sd/j/josephrb/s5c-20260924/runs/p2/bkg_dump.npz	--expect-npz-sha256	07fccc1abc7204bc29349b4ba96850986fe91e909e83fc54e8d1a6b3922a649f	--expect-bkg-sha256	2addac8f26055c5ed69862e7afe29e12ac51dbe23a8d6eeed79d71bec9d82955	--s5c-contract	docs/orchestration/state/s5c/contract.json	--construction	pseudo	--truth	nominal	--amplitude	0.0	--pseudo-seed	300007	--refine-capacity	400,31	--iters	5	--out	{OUT}
bkg_exptmpl_s300007	s5e_trace.py	--npz	/pscratch/sd/j/josephrb/MINERvA-OmniFold/nd-unfolding/of_inputs_5d.npz	--bkg	/pscratch/sd/j/josephrb/s5c-20260924/runs/p2/bkg_dump.npz	--expect-npz-sha256	07fccc1abc7204bc29349b4ba96850986fe91e909e83fc54e8d1a6b3922a649f	--expect-bkg-sha256	2addac8f26055c5ed69862e7afe29e12ac51dbe23a8d6eeed79d71bec9d82955	--s5c-contract	docs/orchestration/state/s5c/contract.json	--construction	pseudo	--truth	nominal	--amplitude	0.0	--pseudo-seed	300007	--expectation-template	--iters	5	--out	{OUT}
bkg_refcap_s300008	s5e_trace.py	--npz	/pscratch/sd/j/josephrb/MINERvA-OmniFold/nd-unfolding/of_inputs_5d.npz	--bkg	/pscratch/sd/j/josephrb/s5c-20260924/runs/p2/bkg_dump.npz	--expect-npz-sha256	07fccc1abc7204bc29349b4ba96850986fe91e909e83fc54e8d1a6b3922a649f	--expect-bkg-sha256	2addac8f26055c5ed69862e7afe29e12ac51dbe23a8d6eeed79d71bec9d82955	--s5c-contract	docs/orchestration/state/s5c/contract.json	--construction	pseudo	--truth	nominal	--amplitude	0.0	--pseudo-seed	300008	--refine-capacity	400,31	--iters	5	--out	{OUT}
bkg_exptmpl_s300008	s5e_trace.py	--npz	/pscratch/sd/j/josephrb/MINERvA-OmniFold/nd-unfolding/of_inputs_5d.npz	--bkg	/pscratch/sd/j/josephrb/s5c-20260924/runs/p2/bkg_dump.npz	--expect-npz-sha256	07fccc1abc7204bc29349b4ba96850986fe91e909e83fc54e8d1a6b3922a649f	--expect-bkg-sha256	2addac8f26055c5ed69862e7afe29e12ac51dbe23a8d6eeed79d71bec9d82955	--s5c-contract	docs/orchestration/state/s5c/contract.json	--construction	pseudo	--truth	nominal	--amplitude	0.0	--pseudo-seed	300008	--expectation-template	--iters	5	--out	{OUT}
bkg_refcap_s300009	s5e_trace.py	--npz	/pscratch/sd/j/josephrb/MINERvA-OmniFold/nd-unfolding/of_inputs_5d.npz	--bkg	/pscratch/sd/j/josephrb/s5c-20260924/runs/p2/bkg_dump.npz	--expect-npz-sha256	07fccc1abc7204bc29349b4ba96850986fe91e909e83fc54e8d1a6b3922a649f	--expect-bkg-sha256	2addac8f26055c5ed69862e7afe29e12ac51dbe23a8d6eeed79d71bec9d82955	--s5c-contract	docs/orchestration/state/s5c/contract.json	--construction	pseudo	--truth	nominal	--amplitude	0.0	--pseudo-seed	300009	--refine-capacity	400,31	--iters	5	--out	{OUT}
bkg_exptmpl_s300009	s5e_trace.py	--npz	/pscratch/sd/j/josephrb/MINERvA-OmniFold/nd-unfolding/of_inputs_5d.npz	--bkg	/pscratch/sd/j/josephrb/s5c-20260924/runs/p2/bkg_dump.npz	--expect-npz-sha256	07fccc1abc7204bc29349b4ba96850986fe91e909e83fc54e8d1a6b3922a649f	--expect-bkg-sha256	2addac8f26055c5ed69862e7afe29e12ac51dbe23a8d6eeed79d71bec9d82955	--s5c-contract	docs/orchestration/state/s5c/contract.json	--construction	pseudo	--truth	nominal	--amplitude	0.0	--pseudo-seed	300009	--expectation-template	--iters	5	--out	{OUT}
bkg_refcap_s300010	s5e_trace.py	--npz	/pscratch/sd/j/josephrb/MINERvA-OmniFold/nd-unfolding/of_inputs_5d.npz	--bkg	/pscratch/sd/j/josephrb/s5c-20260924/runs/p2/bkg_dump.npz	--expect-npz-sha256	07fccc1abc7204bc29349b4ba96850986fe91e909e83fc54e8d1a6b3922a649f	--expect-bkg-sha256	2addac8f26055c5ed69862e7afe29e12ac51dbe23a8d6eeed79d71bec9d82955	--s5c-contract	docs/orchestration/state/s5c/contract.json	--construction	pseudo	--truth	nominal	--amplitude	0.0	--pseudo-seed	300010	--refine-capacity	400,31	--iters	5	--out	{OUT}
bkg_exptmpl_s300010	s5e_trace.py	--npz	/pscratch/sd/j/josephrb/MINERvA-OmniFold/nd-unfolding/of_inputs_5d.npz	--bkg	/pscratch/sd/j/josephrb/s5c-20260924/runs/p2/bkg_dump.npz	--expect-npz-sha256	07fccc1abc7204bc29349b4ba96850986fe91e909e83fc54e8d1a6b3922a649f	--expect-bkg-sha256	2addac8f26055c5ed69862e7afe29e12ac51dbe23a8d6eeed79d71bec9d82955	--s5c-contract	docs/orchestration/state/s5c/contract.json	--construction	pseudo	--truth	nominal	--amplitude	0.0	--pseudo-seed	300010	--expectation-template	--iters	5	--out	{OUT}
bkg_refcap_s300011	s5e_trace.py	--npz	/pscratch/sd/j/josephrb/MINERvA-OmniFold/nd-unfolding/of_inputs_5d.npz	--bkg	/pscratch/sd/j/josephrb/s5c-20260924/runs/p2/bkg_dump.npz	--expect-npz-sha256	07fccc1abc7204bc29349b4ba96850986fe91e909e83fc54e8d1a6b3922a649f	--expect-bkg-sha256	2addac8f26055c5ed69862e7afe29e12ac51dbe23a8d6eeed79d71bec9d82955	--s5c-contract	docs/orchestration/state/s5c/contract.json	--construction	pseudo	--truth	nominal	--amplitude	0.0	--pseudo-seed	300011	--refine-capacity	400,31	--iters	5	--out	{OUT}
bkg_exptmpl_s300011	s5e_trace.py	--npz	/pscratch/sd/j/josephrb/MINERvA-OmniFold/nd-unfolding/of_inputs_5d.npz	--bkg	/pscratch/sd/j/josephrb/s5c-20260924/runs/p2/bkg_dump.npz	--expect-npz-sha256	07fccc1abc7204bc29349b4ba96850986fe91e909e83fc54e8d1a6b3922a649f	--expect-bkg-sha256	2addac8f26055c5ed69862e7afe29e12ac51dbe23a8d6eeed79d71bec9d82955	--s5c-contract	docs/orchestration/state/s5c/contract.json	--construction	pseudo	--truth	nominal	--amplitude	0.0	--pseudo-seed	300011	--expectation-template	--iters	5	--out	{OUT}
