# s5e diagnosis D3 (and D0 at seeds 300000/301000/302000 bkg, 301000/302000 sig): traced s5n pseudo-experiments, K_max 20, background-inclusive and signal-only, 4 s5n development seeds per truth point
trace_eavail_bkg_s301000	s5e_trace.py	--npz	/pscratch/sd/j/josephrb/MINERvA-OmniFold/nd-unfolding/of_inputs_5d.npz	--bkg	/pscratch/sd/j/josephrb/s5c-20260924/runs/p2/bkg_dump.npz	--expect-npz-sha256	07fccc1abc7204bc29349b4ba96850986fe91e909e83fc54e8d1a6b3922a649f	--expect-bkg-sha256	2addac8f26055c5ed69862e7afe29e12ac51dbe23a8d6eeed79d71bec9d82955	--s5c-contract	docs/orchestration/state/s5c/contract.json	--construction	pseudo	--truth	eavail_shape	--amplitude	1.0	--eavail-ratio	docs/orchestration/state/s5n/eavail-ratio-gibuu-over-genie.json	--pseudo-seed	301000	--iters	20	--out	{OUT}
trace_eavail_sig_s301000	s5e_trace.py	--npz	/pscratch/sd/j/josephrb/MINERvA-OmniFold/nd-unfolding/of_inputs_5d.npz	--bkg	/pscratch/sd/j/josephrb/s5c-20260924/runs/p2/bkg_dump.npz	--expect-npz-sha256	07fccc1abc7204bc29349b4ba96850986fe91e909e83fc54e8d1a6b3922a649f	--expect-bkg-sha256	2addac8f26055c5ed69862e7afe29e12ac51dbe23a8d6eeed79d71bec9d82955	--s5c-contract	docs/orchestration/state/s5c/contract.json	--construction	pseudo	--truth	eavail_shape	--amplitude	1.0	--eavail-ratio	docs/orchestration/state/s5n/eavail-ratio-gibuu-over-genie.json	--pseudo-seed	301000	--no-background	--iters	20	--out	{OUT}
trace_q3_bkg_s302000	s5e_trace.py	--npz	/pscratch/sd/j/josephrb/MINERvA-OmniFold/nd-unfolding/of_inputs_5d.npz	--bkg	/pscratch/sd/j/josephrb/s5c-20260924/runs/p2/bkg_dump.npz	--expect-npz-sha256	07fccc1abc7204bc29349b4ba96850986fe91e909e83fc54e8d1a6b3922a649f	--expect-bkg-sha256	2addac8f26055c5ed69862e7afe29e12ac51dbe23a8d6eeed79d71bec9d82955	--s5c-contract	docs/orchestration/state/s5c/contract.json	--construction	pseudo	--truth	q3_given_eavail_w	--amplitude	0.3	--pseudo-seed	302000	--iters	20	--out	{OUT}
trace_q3_sig_s302000	s5e_trace.py	--npz	/pscratch/sd/j/josephrb/MINERvA-OmniFold/nd-unfolding/of_inputs_5d.npz	--bkg	/pscratch/sd/j/josephrb/s5c-20260924/runs/p2/bkg_dump.npz	--expect-npz-sha256	07fccc1abc7204bc29349b4ba96850986fe91e909e83fc54e8d1a6b3922a649f	--expect-bkg-sha256	2addac8f26055c5ed69862e7afe29e12ac51dbe23a8d6eeed79d71bec9d82955	--s5c-contract	docs/orchestration/state/s5c/contract.json	--construction	pseudo	--truth	q3_given_eavail_w	--amplitude	0.3	--pseudo-seed	302000	--no-background	--iters	20	--out	{OUT}
trace_nominal_bkg_s300000	s5e_trace.py	--npz	/pscratch/sd/j/josephrb/MINERvA-OmniFold/nd-unfolding/of_inputs_5d.npz	--bkg	/pscratch/sd/j/josephrb/s5c-20260924/runs/p2/bkg_dump.npz	--expect-npz-sha256	07fccc1abc7204bc29349b4ba96850986fe91e909e83fc54e8d1a6b3922a649f	--expect-bkg-sha256	2addac8f26055c5ed69862e7afe29e12ac51dbe23a8d6eeed79d71bec9d82955	--s5c-contract	docs/orchestration/state/s5c/contract.json	--construction	pseudo	--truth	nominal	--amplitude	0.0	--pseudo-seed	300000	--iters	20	--out	{OUT}
trace_nominal_sig_s300000	s5e_trace.py	--npz	/pscratch/sd/j/josephrb/MINERvA-OmniFold/nd-unfolding/of_inputs_5d.npz	--bkg	/pscratch/sd/j/josephrb/s5c-20260924/runs/p2/bkg_dump.npz	--expect-npz-sha256	07fccc1abc7204bc29349b4ba96850986fe91e909e83fc54e8d1a6b3922a649f	--expect-bkg-sha256	2addac8f26055c5ed69862e7afe29e12ac51dbe23a8d6eeed79d71bec9d82955	--s5c-contract	docs/orchestration/state/s5c/contract.json	--construction	pseudo	--truth	nominal	--amplitude	0.0	--pseudo-seed	300000	--no-background	--iters	20	--out	{OUT}
trace_eavail_bkg_s301001	s5e_trace.py	--npz	/pscratch/sd/j/josephrb/MINERvA-OmniFold/nd-unfolding/of_inputs_5d.npz	--bkg	/pscratch/sd/j/josephrb/s5c-20260924/runs/p2/bkg_dump.npz	--expect-npz-sha256	07fccc1abc7204bc29349b4ba96850986fe91e909e83fc54e8d1a6b3922a649f	--expect-bkg-sha256	2addac8f26055c5ed69862e7afe29e12ac51dbe23a8d6eeed79d71bec9d82955	--s5c-contract	docs/orchestration/state/s5c/contract.json	--construction	pseudo	--truth	eavail_shape	--amplitude	1.0	--eavail-ratio	docs/orchestration/state/s5n/eavail-ratio-gibuu-over-genie.json	--pseudo-seed	301001	--iters	20	--out	{OUT}
trace_eavail_sig_s301001	s5e_trace.py	--npz	/pscratch/sd/j/josephrb/MINERvA-OmniFold/nd-unfolding/of_inputs_5d.npz	--bkg	/pscratch/sd/j/josephrb/s5c-20260924/runs/p2/bkg_dump.npz	--expect-npz-sha256	07fccc1abc7204bc29349b4ba96850986fe91e909e83fc54e8d1a6b3922a649f	--expect-bkg-sha256	2addac8f26055c5ed69862e7afe29e12ac51dbe23a8d6eeed79d71bec9d82955	--s5c-contract	docs/orchestration/state/s5c/contract.json	--construction	pseudo	--truth	eavail_shape	--amplitude	1.0	--eavail-ratio	docs/orchestration/state/s5n/eavail-ratio-gibuu-over-genie.json	--pseudo-seed	301001	--no-background	--iters	20	--out	{OUT}
trace_q3_bkg_s302001	s5e_trace.py	--npz	/pscratch/sd/j/josephrb/MINERvA-OmniFold/nd-unfolding/of_inputs_5d.npz	--bkg	/pscratch/sd/j/josephrb/s5c-20260924/runs/p2/bkg_dump.npz	--expect-npz-sha256	07fccc1abc7204bc29349b4ba96850986fe91e909e83fc54e8d1a6b3922a649f	--expect-bkg-sha256	2addac8f26055c5ed69862e7afe29e12ac51dbe23a8d6eeed79d71bec9d82955	--s5c-contract	docs/orchestration/state/s5c/contract.json	--construction	pseudo	--truth	q3_given_eavail_w	--amplitude	0.3	--pseudo-seed	302001	--iters	20	--out	{OUT}
trace_q3_sig_s302001	s5e_trace.py	--npz	/pscratch/sd/j/josephrb/MINERvA-OmniFold/nd-unfolding/of_inputs_5d.npz	--bkg	/pscratch/sd/j/josephrb/s5c-20260924/runs/p2/bkg_dump.npz	--expect-npz-sha256	07fccc1abc7204bc29349b4ba96850986fe91e909e83fc54e8d1a6b3922a649f	--expect-bkg-sha256	2addac8f26055c5ed69862e7afe29e12ac51dbe23a8d6eeed79d71bec9d82955	--s5c-contract	docs/orchestration/state/s5c/contract.json	--construction	pseudo	--truth	q3_given_eavail_w	--amplitude	0.3	--pseudo-seed	302001	--no-background	--iters	20	--out	{OUT}
trace_nominal_bkg_s300001	s5e_trace.py	--npz	/pscratch/sd/j/josephrb/MINERvA-OmniFold/nd-unfolding/of_inputs_5d.npz	--bkg	/pscratch/sd/j/josephrb/s5c-20260924/runs/p2/bkg_dump.npz	--expect-npz-sha256	07fccc1abc7204bc29349b4ba96850986fe91e909e83fc54e8d1a6b3922a649f	--expect-bkg-sha256	2addac8f26055c5ed69862e7afe29e12ac51dbe23a8d6eeed79d71bec9d82955	--s5c-contract	docs/orchestration/state/s5c/contract.json	--construction	pseudo	--truth	nominal	--amplitude	0.0	--pseudo-seed	300001	--iters	20	--out	{OUT}
trace_nominal_sig_s300001	s5e_trace.py	--npz	/pscratch/sd/j/josephrb/MINERvA-OmniFold/nd-unfolding/of_inputs_5d.npz	--bkg	/pscratch/sd/j/josephrb/s5c-20260924/runs/p2/bkg_dump.npz	--expect-npz-sha256	07fccc1abc7204bc29349b4ba96850986fe91e909e83fc54e8d1a6b3922a649f	--expect-bkg-sha256	2addac8f26055c5ed69862e7afe29e12ac51dbe23a8d6eeed79d71bec9d82955	--s5c-contract	docs/orchestration/state/s5c/contract.json	--construction	pseudo	--truth	nominal	--amplitude	0.0	--pseudo-seed	300001	--no-background	--iters	20	--out	{OUT}
trace_eavail_bkg_s301002	s5e_trace.py	--npz	/pscratch/sd/j/josephrb/MINERvA-OmniFold/nd-unfolding/of_inputs_5d.npz	--bkg	/pscratch/sd/j/josephrb/s5c-20260924/runs/p2/bkg_dump.npz	--expect-npz-sha256	07fccc1abc7204bc29349b4ba96850986fe91e909e83fc54e8d1a6b3922a649f	--expect-bkg-sha256	2addac8f26055c5ed69862e7afe29e12ac51dbe23a8d6eeed79d71bec9d82955	--s5c-contract	docs/orchestration/state/s5c/contract.json	--construction	pseudo	--truth	eavail_shape	--amplitude	1.0	--eavail-ratio	docs/orchestration/state/s5n/eavail-ratio-gibuu-over-genie.json	--pseudo-seed	301002	--iters	20	--out	{OUT}
trace_eavail_sig_s301002	s5e_trace.py	--npz	/pscratch/sd/j/josephrb/MINERvA-OmniFold/nd-unfolding/of_inputs_5d.npz	--bkg	/pscratch/sd/j/josephrb/s5c-20260924/runs/p2/bkg_dump.npz	--expect-npz-sha256	07fccc1abc7204bc29349b4ba96850986fe91e909e83fc54e8d1a6b3922a649f	--expect-bkg-sha256	2addac8f26055c5ed69862e7afe29e12ac51dbe23a8d6eeed79d71bec9d82955	--s5c-contract	docs/orchestration/state/s5c/contract.json	--construction	pseudo	--truth	eavail_shape	--amplitude	1.0	--eavail-ratio	docs/orchestration/state/s5n/eavail-ratio-gibuu-over-genie.json	--pseudo-seed	301002	--no-background	--iters	20	--out	{OUT}
trace_q3_bkg_s302002	s5e_trace.py	--npz	/pscratch/sd/j/josephrb/MINERvA-OmniFold/nd-unfolding/of_inputs_5d.npz	--bkg	/pscratch/sd/j/josephrb/s5c-20260924/runs/p2/bkg_dump.npz	--expect-npz-sha256	07fccc1abc7204bc29349b4ba96850986fe91e909e83fc54e8d1a6b3922a649f	--expect-bkg-sha256	2addac8f26055c5ed69862e7afe29e12ac51dbe23a8d6eeed79d71bec9d82955	--s5c-contract	docs/orchestration/state/s5c/contract.json	--construction	pseudo	--truth	q3_given_eavail_w	--amplitude	0.3	--pseudo-seed	302002	--iters	20	--out	{OUT}
trace_q3_sig_s302002	s5e_trace.py	--npz	/pscratch/sd/j/josephrb/MINERvA-OmniFold/nd-unfolding/of_inputs_5d.npz	--bkg	/pscratch/sd/j/josephrb/s5c-20260924/runs/p2/bkg_dump.npz	--expect-npz-sha256	07fccc1abc7204bc29349b4ba96850986fe91e909e83fc54e8d1a6b3922a649f	--expect-bkg-sha256	2addac8f26055c5ed69862e7afe29e12ac51dbe23a8d6eeed79d71bec9d82955	--s5c-contract	docs/orchestration/state/s5c/contract.json	--construction	pseudo	--truth	q3_given_eavail_w	--amplitude	0.3	--pseudo-seed	302002	--no-background	--iters	20	--out	{OUT}
trace_nominal_bkg_s300002	s5e_trace.py	--npz	/pscratch/sd/j/josephrb/MINERvA-OmniFold/nd-unfolding/of_inputs_5d.npz	--bkg	/pscratch/sd/j/josephrb/s5c-20260924/runs/p2/bkg_dump.npz	--expect-npz-sha256	07fccc1abc7204bc29349b4ba96850986fe91e909e83fc54e8d1a6b3922a649f	--expect-bkg-sha256	2addac8f26055c5ed69862e7afe29e12ac51dbe23a8d6eeed79d71bec9d82955	--s5c-contract	docs/orchestration/state/s5c/contract.json	--construction	pseudo	--truth	nominal	--amplitude	0.0	--pseudo-seed	300002	--iters	20	--out	{OUT}
trace_nominal_sig_s300002	s5e_trace.py	--npz	/pscratch/sd/j/josephrb/MINERvA-OmniFold/nd-unfolding/of_inputs_5d.npz	--bkg	/pscratch/sd/j/josephrb/s5c-20260924/runs/p2/bkg_dump.npz	--expect-npz-sha256	07fccc1abc7204bc29349b4ba96850986fe91e909e83fc54e8d1a6b3922a649f	--expect-bkg-sha256	2addac8f26055c5ed69862e7afe29e12ac51dbe23a8d6eeed79d71bec9d82955	--s5c-contract	docs/orchestration/state/s5c/contract.json	--construction	pseudo	--truth	nominal	--amplitude	0.0	--pseudo-seed	300002	--no-background	--iters	20	--out	{OUT}
trace_eavail_bkg_s301003	s5e_trace.py	--npz	/pscratch/sd/j/josephrb/MINERvA-OmniFold/nd-unfolding/of_inputs_5d.npz	--bkg	/pscratch/sd/j/josephrb/s5c-20260924/runs/p2/bkg_dump.npz	--expect-npz-sha256	07fccc1abc7204bc29349b4ba96850986fe91e909e83fc54e8d1a6b3922a649f	--expect-bkg-sha256	2addac8f26055c5ed69862e7afe29e12ac51dbe23a8d6eeed79d71bec9d82955	--s5c-contract	docs/orchestration/state/s5c/contract.json	--construction	pseudo	--truth	eavail_shape	--amplitude	1.0	--eavail-ratio	docs/orchestration/state/s5n/eavail-ratio-gibuu-over-genie.json	--pseudo-seed	301003	--iters	20	--out	{OUT}
trace_eavail_sig_s301003	s5e_trace.py	--npz	/pscratch/sd/j/josephrb/MINERvA-OmniFold/nd-unfolding/of_inputs_5d.npz	--bkg	/pscratch/sd/j/josephrb/s5c-20260924/runs/p2/bkg_dump.npz	--expect-npz-sha256	07fccc1abc7204bc29349b4ba96850986fe91e909e83fc54e8d1a6b3922a649f	--expect-bkg-sha256	2addac8f26055c5ed69862e7afe29e12ac51dbe23a8d6eeed79d71bec9d82955	--s5c-contract	docs/orchestration/state/s5c/contract.json	--construction	pseudo	--truth	eavail_shape	--amplitude	1.0	--eavail-ratio	docs/orchestration/state/s5n/eavail-ratio-gibuu-over-genie.json	--pseudo-seed	301003	--no-background	--iters	20	--out	{OUT}
trace_q3_bkg_s302003	s5e_trace.py	--npz	/pscratch/sd/j/josephrb/MINERvA-OmniFold/nd-unfolding/of_inputs_5d.npz	--bkg	/pscratch/sd/j/josephrb/s5c-20260924/runs/p2/bkg_dump.npz	--expect-npz-sha256	07fccc1abc7204bc29349b4ba96850986fe91e909e83fc54e8d1a6b3922a649f	--expect-bkg-sha256	2addac8f26055c5ed69862e7afe29e12ac51dbe23a8d6eeed79d71bec9d82955	--s5c-contract	docs/orchestration/state/s5c/contract.json	--construction	pseudo	--truth	q3_given_eavail_w	--amplitude	0.3	--pseudo-seed	302003	--iters	20	--out	{OUT}
trace_q3_sig_s302003	s5e_trace.py	--npz	/pscratch/sd/j/josephrb/MINERvA-OmniFold/nd-unfolding/of_inputs_5d.npz	--bkg	/pscratch/sd/j/josephrb/s5c-20260924/runs/p2/bkg_dump.npz	--expect-npz-sha256	07fccc1abc7204bc29349b4ba96850986fe91e909e83fc54e8d1a6b3922a649f	--expect-bkg-sha256	2addac8f26055c5ed69862e7afe29e12ac51dbe23a8d6eeed79d71bec9d82955	--s5c-contract	docs/orchestration/state/s5c/contract.json	--construction	pseudo	--truth	q3_given_eavail_w	--amplitude	0.3	--pseudo-seed	302003	--no-background	--iters	20	--out	{OUT}
trace_nominal_bkg_s300003	s5e_trace.py	--npz	/pscratch/sd/j/josephrb/MINERvA-OmniFold/nd-unfolding/of_inputs_5d.npz	--bkg	/pscratch/sd/j/josephrb/s5c-20260924/runs/p2/bkg_dump.npz	--expect-npz-sha256	07fccc1abc7204bc29349b4ba96850986fe91e909e83fc54e8d1a6b3922a649f	--expect-bkg-sha256	2addac8f26055c5ed69862e7afe29e12ac51dbe23a8d6eeed79d71bec9d82955	--s5c-contract	docs/orchestration/state/s5c/contract.json	--construction	pseudo	--truth	nominal	--amplitude	0.0	--pseudo-seed	300003	--iters	20	--out	{OUT}
trace_nominal_sig_s300003	s5e_trace.py	--npz	/pscratch/sd/j/josephrb/MINERvA-OmniFold/nd-unfolding/of_inputs_5d.npz	--bkg	/pscratch/sd/j/josephrb/s5c-20260924/runs/p2/bkg_dump.npz	--expect-npz-sha256	07fccc1abc7204bc29349b4ba96850986fe91e909e83fc54e8d1a6b3922a649f	--expect-bkg-sha256	2addac8f26055c5ed69862e7afe29e12ac51dbe23a8d6eeed79d71bec9d82955	--s5c-contract	docs/orchestration/state/s5c/contract.json	--construction	pseudo	--truth	nominal	--amplitude	0.0	--pseudo-seed	300003	--no-background	--iters	20	--out	{OUT}
